TimestampCollected,FD,CFD,HDD,ID
2015-03-01,1,5,16.326949223298612,0
2015-03-02,1,5,17.486523369444445,0
2015-03-03,1,5,14.52789436413194,0
2015-03-04,0,5,10.633880902777781,0
2015-03-05,1,5,23.39171035684028,0
2015-03-06,1,5,30.1513165277778,1
2015-03-07,1,5,21.18847675243056,0
2015-03-08,0,5,14.21069128472222,0
2015-03-09,0,5,13.27616305555556,0
2015-03-10,0,5,11.05969583333333,0
2015-03-11,0,5,7.6187820138889,0
2015-03-12,0,5,10.78755246527778,0
2015-03-13,0,5,12.67106128472222,0
2015-03-14,0,5,10.18200503472222,0
2015-03-15,0,5,11.86978350694444,0
2015-03-16,0,5,7.046956145833301,0
2015-03-17,0,5,7.356573402777801,0
2015-03-18,1,5,17.39321854826389,0
2015-03-19,0,5,14.64913520833333,0
2015-03-20,0,5,13.77348940972222,0
2015-03-21,0,5,12.57288243706294,0
2015-03-22,0,5,9.75069666666667,0
2015-03-23,0,5,9.499352720848051,0
2015-03-24,0,5,7.569456076388901,0
2015-03-25,0,5,6.515866944444401,0
2015-03-26,0,5,7.2531388194444,0
2015-03-27,1,5,19.75609024409722,0
2015-03-28,1,5,25.89299409722222,1
2015-03-29,1,5,22.00338869090278,0
2015-03-30,0,5,13.54198291666667,0
2015-03-31,0,5,9.45443635416667,0
2015-04-01,0,5,10.352473319444451,0
2015-04-02,0,5,7.0194925,0
2015-04-03,0,5,7.5225419791667,0
2015-04-04,1,5,13.88140246784722,0
2015-04-05,0,5,13.15802410763889,0
2015-04-06,0,5,9.27918923611111,0
2015-04-07,0,5,7.2309377430556,0
2015-04-08,0,5,4.6836625441696,0
2015-04-09,0,5,1.4363868055555997,0
2015-04-10,0,5,3.7915104166667,0
2015-04-11,0,5,10.05296996527778,0
2015-04-12,0,5,5.627087847222201,0
2015-04-13,0,5,4.2843918055556,0
2015-04-14,0,5,4.7630090277778,0
2015-04-15,0,5,6.655720278745601,0
2015-04-16,0,5,8.072508784722201,0
2015-04-17,0,5,5.5373083333333,0
2015-04-18,0,5,3.2128309027778013,0
2015-04-19,0,5,4.6103326388889005,0
2015-04-20,0,5,7.0428001056338,0
2015-04-21,0,5,12.902540868055551,0
2015-04-22,0,5,9.758953888888891,0
2015-04-23,1,5,14.27420754982639,0
2015-04-24,1,5,13.145693015232641,0
2015-04-25,0,5,8.69661336805556,0
2015-04-26,0,5,10.06637722222222,0
2015-04-27,1,5,13.72080601201042,0
2015-04-28,1,5,12.42524471493056,0
2015-04-29,0,5,9.00598194444445,0
2015-04-30,0,5,11.081735069444441,0
2015-05-01,0,5,14.648554548611111,0
2015-05-02,0,5,8.37639666666667,0
2015-05-03,0,5,4.6757836805556,0
2015-05-04,0,5,2.7714083333333015,0
2015-05-05,0,5,1.7254177083332998,0
2015-05-06,0,5,0.7663121527778003,0
2015-05-07,0,5,1.0412482638888996,0
2015-05-08,0,5,0.40312777777780084,0
2015-05-09,0,5,-0.17506249999999923,0
2015-05-10,0,5,-0.031224652777797957,0
2015-05-11,0,5,-1.1014625000000002,0
2015-05-12,0,5,2.1281864583332997,0
2015-05-13,0,5,7.750938645833301,0
2015-05-14,0,5,4.587324166666701,0
2015-05-15,0,5,2.3808704861111014,0
2015-05-16,0,5,1.8305673611111004,0
2015-05-17,0,5,2.2646218749999996,0
2015-05-18,0,5,1.2488065972222024,0
2015-05-19,0,5,1.5022402777778012,0
2015-05-20,0,5,3.5941423958333,0
2015-05-21,0,5,6.9513238541667,0
2015-05-22,0,5,11.16639881944444,0
2015-05-23,0,5,5.4695923263889,0
2015-05-24,0,5,2.3637312500000007,0
2015-05-25,0,5,1.6385246527778001,0
2015-05-26,0,5,0.7734680555556004,0
2015-05-27,0,5,2.081853819444401,0
2015-05-28,0,5,1.2182736111111012,0
2015-05-29,0,5,0.8255006944444006,0
2015-05-30,0,5,0.5735486111111001,0
2015-05-31,0,5,1.6178194444444003,0
2015-06-01,0,5,2.8108611111111,0
2015-06-02,0,5,5.038925000000001,0
2015-06-03,0,5,4.369783055555601,0
2015-06-04,0,5,3.4285881944444014,0
2015-06-05,0,5,1.3281111111111024,0
2015-06-06,0,5,0.7571121527778004,0
2015-06-07,0,5,-0.16634236111109857,0
2015-06-08,0,5,0.7215902777777998,0
2015-06-09,0,5,1.8894118055556,0
2015-06-10,0,5,-0.2552482638888982,0
2015-06-11,0,5,-1.5358399305555999,0
2015-06-12,0,5,-0.8176274305555999,0
2015-06-13,0,5,-1.2863944444444009,0
2015-06-14,0,5,-2.3310506944444,0
2015-06-15,0,5,-2.9789232638888983,0
2015-06-16,0,5,-3.1046881944443996,0
2015-06-17,0,5,-2.855231944444398,0
2015-06-18,0,5,-3.326007986111101,0
2015-06-19,0,5,-0.9740743055556003,0
2015-06-20,0,5,0.08971770833329984,0
2015-06-21,0,5,-0.44708680555559965,0
2015-06-22,0,5,-2.2123503472221984,0
2015-06-23,0,5,-2.920599652777799,0
2015-06-24,0,5,-2.2440670138888983,0
2015-06-25,0,5,-2.299120138888899,0
2015-06-26,0,5,-2.560021180555598,0
2015-06-27,0,5,1.7343781249999992,0
2015-06-28,0,5,5.476584791666701,0
2015-06-29,0,5,3.5731302083333,0
2015-06-30,0,5,1.9081520833333023,0
2015-07-01,0,5,1.9191767361111012,0
2015-07-02,0,5,2.357956250000001,0
2015-07-03,0,5,1.5977197916667016,0
2015-07-04,0,5,1.6907100694443997,0
2015-07-05,0,5,1.3072173611110998,0
2015-07-06,0,5,1.4901923611111023,0
2015-07-07,0,5,-0.16001215277779934,0
2015-07-08,0,5,-0.47983263888890093,0
2015-07-09,0,5,-2.3726211805555977,0
2015-07-10,0,5,-2.110914930555598,0
2015-07-11,0,5,-0.30114409722219904,0
2015-07-12,0,5,-0.18554270833329767,0
2015-07-13,0,5,-1.6526310104529998,0
2015-07-14,0,5,0.36115381944440017,0
2015-07-15,0,5,1.9833583333332996,0
2015-07-16,0,5,0.6034368055555994,0
2015-07-17,0,5,-1.5275315972222003,0
2015-07-18,0,5,-3.299571874999998,0
2015-07-19,0,5,-3.177990972222201,0
2015-07-20,0,5,-2.7806623693379997,0
2015-07-21,0,5,-1.321727430555601,0
2015-07-22,0,5,-0.4664343749999986,0
2015-07-23,0,5,0.02188819444440071,0
2015-07-24,0,5,0.11651041666669926,0
2015-07-25,0,5,-0.9083201388889002,0
2015-07-26,0,5,-1.8063743055556003,0
2015-07-27,0,5,-2.7630687499999986,0
2015-07-28,0,5,-3.1645402777777996,0
2015-07-29,0,5,-2.8182058181817986,0
2015-07-30,0,5,-2.2199285714286,0
2015-07-31,0,5,0.6265552083333006,0
2015-08-01,0,5,-0.11785624999999911,0
2015-08-02,0,5,-2.0489999999999995,0
2015-08-03,0,5,,0
2015-08-04,0,5,,0
2015-08-05,0,5,,0
2015-08-06,0,5,,0
2015-08-07,0,5,,0
2015-08-08,0,5,,0
2015-08-09,0,5,,0
2015-08-10,0,5,,0
2015-08-11,0,5,,0
2015-08-12,0,5,,0
2015-08-13,0,5,,0
2015-08-14,0,5,,0
2015-08-15,0,5,,0
2015-08-16,0,5,,0
2015-08-17,0,5,,0
2015-08-18,0,5,,0
2015-08-19,0,5,,0
2015-08-20,0,5,,0
2015-08-21,0,5,,0
2015-08-22,0,5,,0
2015-08-23,0,5,,0
2015-08-24,0,5,,0
2015-08-25,0,5,,0
2015-08-26,0,5,,0
2015-08-27,0,5,,0
2015-08-28,0,5,,0
2015-08-29,0,5,,0
2015-08-30,0,5,,0
2015-08-31,0,5,,0
2015-09-01,0,5,,0
2015-09-02,0,5,,0
2015-09-03,0,5,,0
2015-09-04,0,5,,0
2015-09-05,0,5,,0
2015-09-06,0,5,,0
2015-09-07,0,5,,0
2015-09-08,0,5,,0
2015-09-09,0,5,,0
2015-09-10,0,5,,0
2015-09-11,0,5,,0
2015-09-12,0,5,,0
2015-09-13,0,5,,0
2015-09-14,0,5,,0
2015-09-15,0,5,,0
2015-09-16,0,5,,0
2015-09-17,0,5,,0
2015-09-18,0,5,,0
2015-09-19,0,5,,0
2015-09-20,0,5,,0
2015-09-21,0,5,,0
2015-09-22,0,5,,0
2015-09-23,0,5,,0
2015-09-24,0,5,,0
2015-09-25,0,5,,0
2015-09-26,0,5,,0
2015-09-27,0,5,,0
2015-09-28,0,5,,0
2015-09-29,0,5,,0
2015-09-30,0,5,,0
2015-10-01,0,5,,0
2015-10-02,0,5,,0
2015-10-03,0,5,,0
2015-10-04,0,5,,0
2015-10-05,0,5,,0
2015-10-06,0,5,,0
2015-10-07,0,5,,0
2015-10-08,0,5,,0
2015-10-09,0,5,,0
2015-10-10,0,5,,0
2015-10-11,0,5,,0
2015-10-12,0,5,,0
2015-10-13,0,5,,0
2015-10-14,0,5,,0
2015-10-15,0,5,,0
2015-10-16,0,5,9.18812765625,0
2015-10-17,0,5,13.92517995833333,0
2015-10-18,1,5,17.180651545243062,0
2015-10-19,0,5,13.30526734479167,0
2015-10-20,0,5,9.313829479166671,0
2015-10-21,0,5,6.4389268402778015,0
2015-10-22,0,5,5.0318003472222,0
2015-10-23,0,5,2.9218534722222014,0
2015-10-24,0,5,4.7725784722222,0
2015-10-25,0,5,6.6736413888889015,0
2015-10-26,0,5,8.0251467013889,0
2015-10-27,0,5,9.634475625,0
2015-10-28,0,5,6.9428140972222,0
2015-10-29,0,5,8.2847576655052,0
2015-10-30,1,5,14.16572941451389,0
2015-10-31,0,5,10.18487392361111,0
2015-11-01,0,5,7.273185312500001,0
2015-11-02,0,5,5.1870795138889,0
2015-11-03,0,5,3.5840885416667003,0
2015-11-04,0,5,3.2741493055556,0
2015-11-05,0,5,3.5523527777778003,0
2015-11-06,0,5,3.596812152777801,0
2015-11-07,0,5,8.917546840277781,0
2015-11-08,1,5,15.07850752534722,0
2015-11-09,0,5,8.820286076388891,0
2015-11-10,0,5,10.294924166666672,0
2015-11-11,0,5,12.20475861111111,0
2015-11-12,0,5,7.766266979166701,0
2015-11-13,1,5,15.014544643055562,0
2015-11-14,1,5,17.301476442708335,0
2015-11-15,0,5,12.03423479166667,0
2015-11-16,0,5,10.636986388888891,0
2015-11-17,0,5,8.305046597222232,0
2015-11-18,0,5,7.6337805902778015,0
2015-11-19,0,5,7.717781736111101,0
2015-11-20,1,5,16.16736151236111,0
2015-11-21,1,5,13.275156559375,0
2015-11-22,1,5,22.21586001319444,0
2015-11-23,1,5,23.48953430802083,0
2015-11-24,1,5,17.01844592361111,0
2015-11-25,0,5,13.367419236111111,0
2015-11-26,0,5,10.91896378472222,0
2015-11-27,0,5,9.11582045138889,0
2015-11-28,0,5,7.615060972222201,0
2015-11-29,0,5,8.36296375,0
2015-11-30,0,5,8.0797899305556,0
2015-12-01,0,5,8.014526354166701,0
2015-12-02,0,5,10.907762013888892,0
2015-12-03,1,5,20.72548406756944,0
2015-12-04,1,5,18.608380909375,0
2015-12-05,1,5,12.477789715972222,0
2015-12-06,0,5,12.502376180555562,0
2015-12-07,0,5,14.257727638888891,0
2015-12-08,0,5,15.29087640625,0
2015-12-09,0,5,14.325762013888891,0
2015-12-10,0,5,12.679088194444441,0
2015-12-11,0,5,8.9956278125,0
2015-12-12,0,5,6.298409027777801,0
2015-12-13,0,5,6.207471875000001,0
2015-12-14,0,5,6.825349097222201,0
2015-12-15,0,5,10.749519409722222,0
2015-12-16,0,5,7.842844062500001,0
2015-12-17,0,5,10.085674687500001,0
2015-12-18,1,5,21.614626302326393,0
2015-12-19,1,5,23.969110829861112,1
2015-12-20,1,5,16.998806059027782,0
2015-12-21,0,5,14.636604236111111,0
2015-12-22,0,5,9.019370937500002,0
2015-12-23,0,5,6.8132135416667,0
2015-12-24,0,5,5.8502510416667,0
2015-12-25,0,5,5.0499357638889,0
2015-12-26,0,5,5.3789725694444,0
2015-12-27,0,5,4.5203975694444,0
2015-12-28,0,5,4.4296961805556005,0
2015-12-29,0,5,7.5857307291667,0
2015-12-30,0,5,9.383029513888891,0
2015-12-31,1,5,15.08566113854167,0
2016-01-01,1,15,20.918626590277782,1
2016-01-02,1,15,22.85438115347222,0
2016-01-03,1,15,19.79859784131944,0
2016-01-04,1,15,24.95951493055556,1
2016-01-05,1,15,25.522564578819452,0
2016-01-06,1,15,19.079476322916666,0
2016-01-07,1,15,14.86698631342756,0
2016-01-08,0,15,13.42739815972222,0
2016-01-09,0,15,12.701988923611111,0
2016-01-10,1,15,18.479572428472224,0
2016-01-11,1,15,29.0094178819444,1
2016-01-12,1,15,24.56720659722222,1
2016-01-13,1,15,27.95796701388889,1
2016-01-14,1,15,18.230999139027777,0
2016-01-15,0,15,15.71056724305556,0
2016-01-16,1,15,18.905676670138888,0
2016-01-17,1,15,24.571638298611113,1
2016-01-18,1,15,32.583201631944405,1
2016-01-19,1,15,34.485109375,1
2016-01-20,1,15,25.38175072916667,1
2016-01-21,1,15,23.96233479166667,1
2016-01-22,1,15,20.220771325798612,0
2016-01-23,1,15,29.2517460069444,1
2016-01-24,1,15,25.78616464895833,0
2016-01-25,1,15,17.29615708819444,0
2016-01-26,0,15,15.530082708333332,0
2016-01-27,1,15,21.18598357177083,0
2016-01-28,1,15,18.975347712534724,0
2016-01-29,1,15,20.2716072775,0
2016-01-30,1,15,16.74865628125,0
2016-01-31,0,15,12.02077520833333,0
2016-02-01,0,15,9.73800166666667,0
2016-02-02,0,15,9.248066736111111,0
2016-02-03,0,15,8.71418375,0
2016-02-04,1,15,19.31652802986111,0
2016-02-05,1,15,24.555722569444452,1
2016-02-06,1,15,21.16404232194444,0
2016-02-07,1,15,18.77525161736111,0
2016-02-08,1,15,19.70300609638889,0
2016-02-09,1,15,28.5630990972222,1
2016-02-10,1,15,32.464523611111105,1
2016-02-11,1,15,30.7242439583333,1
2016-02-12,1,15,25.13421861111111,1
2016-02-13,1,15,30.8560071875,1
2016-02-14,1,15,30.6666161111111,1
2016-02-15,1,15,21.51638216609028,0
2016-02-16,1,15,18.32522781666667,0
2016-02-17,1,15,20.64482423611111,1
2016-02-18,1,15,20.95289811458333,0
2016-02-19,0,15,14.82852883680556,0
2016-02-20,0,15,10.45817788194444,0
2016-02-21,0,15,9.1949740625,0
2016-02-22,0,15,11.81784625,0
2016-02-23,0,15,11.9609459375,0
2016-02-24,1,15,11.69024630173611,0
2016-02-25,1,15,22.77413750347222,1
2016-02-26,1,15,24.70604729166667,1
2016-02-27,1,15,21.46414789097222,0
2016-02-28,0,15,14.13724886458333,0
2016-02-29,0,15,11.34377114583333,0
2016-03-01,0,15,11.21617454861111,0
2016-03-02,1,15,22.75292639340278,0
2016-03-03,1,15,20.27933467073264,0
2016-03-04,1,15,20.27025997916667,1
2016-03-05,1,15,20.10177234,0
2016-03-06,1,15,17.46355029403125,0
2016-03-07,0,15,11.61096059027778,0
2016-03-08,0,15,7.0970299652778,0
2016-03-09,0,15,6.000956041666701,0
2016-03-10,0,15,4.280724652777801,0
2016-03-11,0,15,5.0913173611111,0
2016-03-12,0,15,3.1954975694444006,0
2016-03-13,0,15,5.5610753472222,0
2016-03-14,0,15,7.075557708333301,0
2016-03-15,0,15,6.813564513888901,0
2016-03-16,0,15,3.734911111111101,0
2016-03-17,0,15,10.10489791666667,0
2016-03-18,0,15,10.85106142361111,0
2016-03-19,0,15,12.39281447916667,0
2016-03-20,1,15,18.806079873958332,0
2016-03-21,1,15,20.39380913871528,0
2016-03-22,1,15,15.03853822454861,0
2016-03-23,0,15,9.412478784722222,0
2016-03-24,0,15,7.5757345138889,0
2016-03-25,0,15,11.78933309027778,0
2016-03-26,0,15,9.86592298611111,0
2016-03-27,0,15,6.222804340277801,0
2016-03-28,0,15,11.254271562500001,0
2016-03-29,1,15,15.06793843611111,0
2016-03-30,0,15,9.14181243055556,0
2016-03-31,0,15,6.5481933333333,0
2016-04-01,0,15,6.5939486111111005,0
2016-04-02,0,15,12.78724878472222,0
2016-04-03,1,15,17.11543851666667,0
2016-04-04,0,15,8.69592017361111,0
2016-04-05,1,15,17.56397670798611,0
2016-04-06,0,15,13.85516317708333,0
2016-04-07,0,15,14.03346739583333,0
2016-04-08,1,15,19.000443428680555,0
2016-04-09,1,15,22.02013425694444,1
2016-04-10,1,15,17.650908770833333,0
2016-04-11,0,15,9.536389965277781,0
2016-04-12,0,15,11.11996178321678,0
2016-04-13,0,15,10.37514340277778,0
2016-04-14,0,15,7.1967607638889,0
2016-04-15,0,15,6.8975432291667005,0
2016-04-16,0,15,6.9800611111111,0
2016-04-17,0,15,3.6634161111111005,0
2016-04-18,0,15,0.28500173611110213,0
2016-04-19,0,15,0.937232624113502,0
2016-04-20,0,15,1.0011024305556013,0
2016-04-21,0,15,3.2923072916667007,0
2016-04-22,0,15,7.2306019444444,0
2016-04-23,0,15,10.15925621527778,0
2016-04-24,0,15,6.569094409722201,0
2016-04-25,0,15,3.0990673611111,0
2016-04-26,0,15,2.2089600694444016,0
2016-04-27,0,15,3.0986152777778013,0
2016-04-28,0,15,3.7218101045296006,0
2016-04-29,0,15,3.5887350694444002,0
2016-04-30,0,15,3.693018402777801,0
2016-05-01,0,15,3.6799135416667,0
2016-05-02,0,15,3.8324623958333,0
2016-05-03,0,15,8.0279380208333,0
2016-05-04,0,15,11.7562834375,0
2016-05-05,0,15,16.10508764652778,0
2016-05-06,0,15,12.92376756944444,0
2016-05-07,0,15,7.000025868055602,0
2016-05-08,0,15,5.903396875,0
2016-05-09,0,15,2.9220663194444008,0
2016-05-10,0,15,2.9786437500000016,0
2016-05-11,0,15,2.9922602787456007,0
2016-05-12,0,15,1.9058701388889006,0
2016-05-13,0,15,5.988531805555601,0
2016-05-14,0,15,9.97728083333333,0
2016-05-15,1,15,15.50268828930556,0
2016-05-16,0,15,12.545878927083331,0
2016-05-17,0,15,8.296384618055601,0
2016-05-18,0,15,7.1012314930556,0
2016-05-19,0,15,8.89671729166667,0
2016-05-20,0,15,6.729562222222201,0
2016-05-21,0,15,6.668712187500001,0
2016-05-22,0,15,7.9547651388889005,0
2016-05-23,0,15,6.826023611111101,0
2016-05-24,0,15,4.447275555555601,0
2016-05-25,0,15,1.4984274305556013,0
2016-05-26,0,15,2.007073263888902,0
2016-05-27,0,15,-0.031235416666699933,0
2016-05-28,0,15,0.342173263888899,0
2016-05-29,0,15,0.6338982638889021,0
2016-05-30,0,15,0.0868131944443995,0
2016-05-31,0,15,0.7790006944444023,0
2016-06-01,0,15,-0.5101052083333002,0
2016-06-02,0,15,-0.15520833333329875,0
2016-06-03,0,15,0.6616493055555992,0
2016-06-04,0,15,-0.2927746527777977,0
2016-06-05,0,15,2.168422222222201,0
2016-06-06,0,15,1.918739583333302,0
2016-06-07,0,15,1.8369781250000017,0
2016-06-08,0,15,5.3328139930556,0
2016-06-09,0,15,4.561561284722201,0
2016-06-10,0,15,0.44166180555560075,0
2016-06-11,0,15,-2.8474024305556007,0
2016-06-12,0,15,-2.1368982638888987,0
2016-06-13,0,15,-1.5896020833333004,0
2016-06-14,0,15,-3.2797315972221988,0
2016-06-15,0,15,-1.626821875000001,0
2016-06-16,0,15,-1.955141666666698,0
2016-06-17,0,15,1.4060083333333004,0
2016-06-18,0,15,1.3360104166666993,0
2016-06-19,0,15,1.6210645833333004,0
2016-06-20,0,15,-0.26372013888889967,0
2016-06-21,0,15,-0.47467118055559965,0
2016-06-22,0,15,-0.5534958333333009,0
2016-06-23,0,15,-2.9984545138888983,0
2016-06-24,0,15,-0.3672982638888982,0
2016-06-25,0,15,-0.879981944444399,0
2016-06-26,0,15,-1.9470375000000004,0
2016-06-27,0,15,-1.8925656249999996,0
2016-06-28,0,15,-0.8771048611110999,0
2016-06-29,0,15,0.7045229166667006,0
2016-06-30,0,15,1.3057340277778025,0
2016-07-01,0,15,-0.324925347222198,0
2016-07-02,0,15,-0.3053270833332995,0
2016-07-03,0,15,-0.8404357638888982,0
2016-07-04,0,15,-1.871932291666699,0
2016-07-05,0,15,-1.512082291666701,0
2016-07-06,0,15,-1.6029989583332984,0
2016-07-07,0,15,0.9106322916667011,0
2016-07-08,0,15,-1.527652430555598,0
2016-07-09,0,15,-0.7060909722221993,0
2016-07-10,0,15,0.609876041666702,0
2016-07-11,0,15,-0.8137302083333005,0
2016-07-12,0,15,-0.991130902777801,0
2016-07-13,0,15,-2.455828819444399,0
2016-07-14,0,15,-2.0855468749999986,0
2016-07-15,0,15,-0.8137902777777981,0
2016-07-16,0,15,-0.7835739583332995,0
2016-07-17,0,15,-1.3003642361111005,0
2016-07-18,0,15,-2.7841892361111,0
2016-07-19,0,15,-2.8701374999999985,0
2016-07-20,0,15,-2.374056249999999,0
2016-07-21,0,15,-3.2702847222222005,0
2016-07-22,0,15,-3.577891666666698,0
2016-07-23,0,15,-3.9296468749999995,0
2016-07-24,0,15,-4.261565624999999,0
2016-07-25,0,15,-4.3354090277778,0
2016-07-26,0,15,-4.002956944444399,0
2016-07-27,0,15,-4.400833333333299,0
2016-07-28,0,15,-0.6848607638888993,0
2016-07-29,0,15,0.4361531250000006,0
2016-07-30,0,15,-0.816390972222198,0
2016-07-31,0,15,-1.5241819444444005,0
2016-08-01,0,15,-1.7528232638888994,0
2016-08-02,0,15,-1.2358835877863008,0
2016-08-03,0,15,-1.3660364583332978,0
2016-08-04,0,15,-1.7861086805556,0
2016-08-05,0,15,-1.3428854166667001,0
2016-08-06,0,15,-2.151684027777801,0
2016-08-07,0,15,-1.2124291666666984,0
2016-08-08,0,15,-1.5676444444444009,0
2016-08-09,0,15,-2.2885465277778003,0
2016-08-10,0,15,-2.6274815972222,0
2016-08-11,0,15,-2.8064149305556008,0
2016-08-12,0,15,-3.5296434027778005,0
2016-08-13,0,15,-2.685007986111099,0
2016-08-14,0,15,-3.0612378472221984,0
2016-08-15,0,15,-2.3995125,0
2016-08-16,0,15,-2.1231548611111,0
2016-08-17,0,15,-2.0586184027777996,0
2016-08-18,0,15,0.12222534722220146,0
2016-08-19,0,15,0.5289628472221999,0
2016-08-20,0,15,0.4965975609756015,0
2016-08-21,0,15,0.6636371527778024,0
2016-08-22,0,15,3.0140631944444003,0
2016-08-23,0,15,1.3675906250000018,0
2016-08-24,0,15,-0.275148263888898,0
2016-08-25,0,15,-2.433,0
2016-08-26,0,15,-3.450009722222198,0
2016-08-27,0,15,-4.204070833333301,0
2016-08-28,0,15,-3.4061611111111,0
2016-08-29,0,15,-2.468947569444399,0
2016-08-30,0,15,-1.6051201388888998,0
2016-08-31,0,15,-2.2897975694443993,0
2016-09-01,0,15,-0.5828638888888982,0
2016-09-02,0,15,3.158200000000001,0
2016-09-03,0,15,3.462858333333301,0
2016-09-04,0,15,1.6525378472222023,0
2016-09-05,0,15,-0.46344131944439937,0
2016-09-06,0,15,-1.5996475694444001,0
2016-09-07,0,15,-2.1734107638888993,0
2016-09-08,0,15,-2.875325,0
2016-09-09,0,15,-2.7806809027777994,0
2016-09-10,0,15,-2.9952121527777997,0
2016-09-11,0,15,1.9066163194443995,0
2016-09-12,0,15,1.1000447916667007,0
2016-09-13,0,15,-1.0642142361110984,0
2016-09-14,0,15,-1.967517013888898,0
2016-09-15,0,15,-0.9878357638888993,0
2016-09-16,0,15,-1.3231781249999983,0
2016-09-17,0,15,-0.47751388888890034,0
2016-09-18,0,15,1.1022326388888999,0
2016-09-19,0,15,1.2445256944444019,0
2016-09-20,0,15,1.248825,0
2016-09-21,0,15,0.5625336805555996,0
2016-09-22,0,15,0.03317569444440238,0
2016-09-23,0,15,-0.6714319444444001,0
2016-09-24,0,15,-1.252350347222201,0
2016-09-25,0,15,-1.922725347222201,0
2016-09-26,0,15,0.21764131944440024,0
2016-09-27,0,15,3.882359024390201,0
2016-09-28,0,15,4.616729201388901,0
2016-09-29,0,15,8.1331989583333,0
2016-09-30,0,15,8.759763888888891,0
2016-10-01,0,15,7.649300416666701,0
2016-10-02,0,15,5.5707246527778,0
2016-10-03,0,15,5.6618423076923,0
2016-10-04,0,15,3.6228670138889,0
2016-10-05,0,15,3.6471388888889003,0
2016-10-06,0,15,2.6116625000000013,0
2016-10-07,0,15,2.5612701388889008,0
2016-10-08,0,15,4.4125799652778,0
2016-10-09,0,15,10.89344645833333,0
2016-10-10,0,15,9.386083611111111,0
2016-10-11,0,15,5.582527430555601,0
2016-10-12,0,15,5.151707708333301,0
2016-10-13,0,15,5.5646607638889005,0
2016-10-14,0,15,5.2712623344948,0
2016-10-15,0,15,3.7439635416667,0
2016-10-16,0,15,4.240664930555601,0
2016-10-17,0,15,3.1866527777778,0
2016-10-18,0,15,1.9920954861111007,0
2016-10-19,0,15,-0.09455277777779969,0
2016-10-20,0,15,0.4505687500000022,0
2016-10-21,0,15,9.445084791666671,0
2016-10-22,0,15,15.91596887847222,0
2016-10-23,0,15,11.623338333333331,0
2016-10-24,0,15,6.6050385069444015,0
2016-10-25,0,15,9.66716107638889,0
2016-10-26,0,15,6.207895104166701,0
2016-10-27,0,15,5.943850347222201,0
2016-10-28,0,15,5.7372317361111005,0
2016-10-29,0,15,2.902465972222201,0
2016-10-30,0,15,2.4360361111111004,0
2016-10-31,0,15,2.9373243055556006,0
2016-11-01,0,15,2.0074461805556005,0
2016-11-02,0,15,1.5793190972222,0
2016-11-03,0,15,2.8700312500000003,0
2016-11-04,0,15,8.50948690972222,0
2016-11-05,0,15,11.335286805555562,0
2016-11-06,0,15,7.650779270833301,0
2016-11-07,0,15,6.3024179861111005,0
2016-11-08,0,15,7.633670659722201,0
2016-11-09,0,15,13.95940704861111,0
2016-11-10,1,15,14.605492618297221,0
2016-11-11,0,15,11.40553947916667,0
2016-11-12,1,15,15.23560261631944,0
2016-11-13,0,15,11.70803340277778,0
2016-11-14,0,15,11.98638475694445,0
2016-11-15,0,15,12.45636263888889,0
2016-11-16,0,15,10.28476777777778,0
2016-11-17,0,15,7.4619854513889,0
2016-11-18,0,15,4.5143371527778005,0
2016-11-19,1,15,13.29685874145833,0
2016-11-20,1,15,22.870497638888892,1
2016-11-21,1,15,23.02635263194444,0
2016-11-22,1,15,17.715150155208335,0
2016-11-23,0,15,11.67905267361111,0
2016-11-24,0,15,10.31413260416667,0
2016-11-25,0,15,10.674206250000001,0
2016-11-26,1,15,19.50582388430556,0
2016-11-27,1,15,15.66465858067014,0
2016-11-28,0,15,12.57981934027778,0
2016-11-29,0,15,9.409154529616721,0
2016-11-30,0,15,7.0151830313589,0
2016-12-01,1,15,17.54111770451389,0
2016-12-02,1,15,19.182688683715277,0
2016-12-03,1,15,20.91361786840278,0
2016-12-04,1,15,16.53496054232639,0
2016-12-05,0,15,14.49367118055556,0
2016-12-06,0,15,11.783272812500002,0
2016-12-07,1,15,17.411913934181186,0
2016-12-08,1,15,21.81915262847222,0
2016-12-09,1,15,28.6472695486111,1
2016-12-10,1,15,27.15998423611111,1
2016-12-11,1,15,20.88518201159722,0
2016-12-12,0,15,13.96729611111111,0
2016-12-13,1,15,15.04853696371528,0
2016-12-14,1,15,19.76564650385417,0
2016-12-15,1,15,28.3482986111111,1
2016-12-16,1,15,26.02633298611111,1
2016-12-17,1,15,14.346457309375001,0
2016-12-18,1,15,14.150052416666671,0
2016-12-19,1,15,24.61057075694444,1
2016-12-20,1,15,17.20121737048611,0
2016-12-21,1,15,16.31818262199306,0
2016-12-22,1,15,15.443265675000001,0
2016-12-23,1,15,14.32360588541667,0
2016-12-24,0,15,12.293121180555552,0
2016-12-25,0,15,8.020527916666701,0
2016-12-26,0,15,8.58091381944444,0
2016-12-27,0,15,9.414604652777781,0
2016-12-28,1,15,16.79396424027778,0
2016-12-29,1,15,16.25237125277778,0
2016-12-30,1,15,23.78329180555556,1
2016-12-31,1,15,21.29088356770833,0
2017-01-01,0,12,14.20531703472222,0
2017-01-02,0,12,8.5838046875,0
2017-01-03,0,12,8.787013888888891,0
2017-01-04,1,12,16.82880424599303,0
2017-01-05,1,12,24.64489614583333,1
2017-01-06,1,12,28.18489013888889,1
2017-01-07,1,12,33.1981305555556,1
2017-01-08,1,12,35.002195486111106,1
2017-01-09,1,12,27.69973236111111,1
2017-01-10,1,12,21.47143683402778,0
2017-01-11,0,12,13.08755253472222,0
2017-01-12,0,12,9.19999947916666,0
2017-01-13,0,12,8.30183798611111,0
2017-01-14,0,12,7.889011701388901,0
2017-01-15,0,12,9.89974461805556,0
2017-01-16,0,12,8.82622517361111,0
2017-01-17,0,12,8.742028090277781,0
2017-01-18,0,12,12.328047152777781,0
2017-01-19,0,12,10.987471493055562,0
2017-01-20,0,12,9.214341041666671,0
2017-01-21,0,12,9.084108472222221,0
2017-01-22,0,12,9.749526875,0
2017-01-23,0,12,12.117530625,0
2017-01-24,1,12,17.17799065295139,0
2017-01-25,1,12,12.91590214583333,0
2017-01-26,1,12,16.46865602916667,0
2017-01-27,1,12,24.7692521875,1
2017-01-28,1,12,23.88301381076389,0
2017-01-29,1,12,21.90251318055556,1
2017-01-30,1,12,25.62205215277778,1
2017-01-31,1,12,16.16304369097222,0
2017-02-01,0,12,14.69294927430556,0
2017-02-02,1,12,18.69978917036111,0
2017-02-03,1,12,23.9763340625,1
2017-02-04,1,12,25.68766282118056,0
2017-02-05,1,12,18.714762964930557,0
2017-02-06,0,12,13.59385857291667,0
2017-02-07,0,12,9.66509684027778,0
2017-02-08,0,12,10.170814375,0
2017-02-09,1,12,21.939076927430563,0
2017-02-10,1,12,24.62129259861111,0
2017-02-11,0,12,12.307758923611111,0
2017-02-12,0,12,6.557626423611101,0
2017-02-13,1,12,18.830072764930556,0
2017-02-14,0,12,15.99642414236111,0
2017-02-15,1,12,19.373365840625002,0
2017-02-16,1,12,22.74363082256944,0
2017-02-17,1,12,13.739578237951392,0
2017-02-18,0,12,10.959010520833331,0
2017-02-19,0,12,12.37430663194444,0
2017-02-20,0,12,10.87479827868852,0
2017-02-21,0,12,,0
2017-02-22,0,12,,0
2017-02-23,0,12,,0
2017-02-24,0,12,,0
2017-02-25,0,12,,0
2017-02-26,0,12,,0
2017-02-27,0,12,,0
2017-02-28,0,12,,0
2017-03-01,0,12,,0
2017-03-02,0,12,,0
2017-03-03,0,12,,0
2017-03-04,0,12,,0
2017-03-05,0,12,,0
2017-03-06,0,12,,0
2017-03-07,0,12,,0
2017-03-08,0,12,,0
2017-03-09,0,12,5.780838243243201,0
2017-03-10,1,12,14.33260483753472,0
2017-03-11,1,12,23.58131720833333,1
2017-03-12,1,12,22.6165653125,0
2017-03-13,1,12,17.542645418402778,0
2017-03-14,1,12,22.95499559444444,0
2017-03-15,1,12,30.6444734027778,1
2017-03-16,1,12,27.32945864583333,1
2017-03-17,1,12,20.041248277777783,0
2017-03-18,1,12,12.364139112543551,0
2017-03-19,1,12,19.67632150347222,0
2017-03-20,1,12,13.90774191170139,0
2017-03-21,0,12,5.707044548611101,0
2017-03-22,1,12,15.335516215277782,0
2017-03-23,1,12,14.21659995694444,0
2017-03-24,0,12,9.01743791666666,0
2017-03-25,0,12,5.7353751736111,0
2017-03-26,0,12,7.204528680555601,0
2017-03-27,0,12,5.6005600694444,0
2017-03-28,0,12,8.53002229166667,0
2017-03-29,0,12,7.5467598611111,0
2017-03-30,0,12,4.0451586805556,0
2017-03-31,0,12,9.437513125,0
2017-04-01,0,12,14.454414756944441,0
2017-04-02,0,12,8.2823835416667,0
2017-04-03,0,12,6.443639583333301,0
2017-04-04,0,12,6.0137522222222,0
2017-04-05,0,12,4.446073611111101,0
2017-04-06,1,12,13.87370934756945,0
2017-04-07,1,12,19.016794733680555,0
2017-04-08,1,12,14.57973324048611,0
2017-04-09,0,12,7.434159791666701,0
2017-04-10,0,12,3.833034027777801,0
2017-04-11,0,12,2.3416986111111004,0
2017-04-12,0,12,5.806365744680901,0
2017-04-13,0,12,3.8147467361111005,0
2017-04-14,0,12,0.7038048611111023,0
2017-04-15,0,12,1.3871125000000006,0
2017-04-16,0,12,3.0896315972222013,0
2017-04-17,0,12,5.4508746527778005,0
2017-04-18,0,12,7.5502011458333005,0
2017-04-19,0,12,6.090377013888901,0
2017-04-20,0,12,3.6533687500000003,0
2017-04-21,0,12,3.4469010416667007,0
2017-04-22,0,12,6.960226111111101,0
2017-04-23,0,12,10.56932385416667,0
2017-04-24,0,12,9.42000454861111,0
2017-04-25,0,12,7.6827349305556005,0
2017-04-26,0,12,3.3741392361111,0
2017-04-27,0,12,4.2635038194444,0
2017-04-28,0,12,2.669465625000001,0
2017-04-29,0,12,-1.381008680555599,0
2017-04-30,0,12,-0.12675729166669925,0
2017-05-01,0,12,2.6357333333333006,0
2017-05-02,0,12,8.2963819444444,0
2017-05-03,0,12,7.7346420833333,0
2017-05-04,0,12,4.698143055555601,0
2017-05-05,0,12,9.434105972222222,0
2017-05-06,0,12,16.15459185763889,0
2017-05-07,1,12,14.02939384201389,0
2017-05-08,0,12,11.475811909722221,0
2017-05-09,0,12,5.8735230208333,0
2017-05-10,0,12,1.2209340277778011,0
2017-05-11,0,12,1.1606142361111011,0
2017-05-12,0,12,4.535690625000001,0
2017-05-13,0,12,7.697104687500001,0
2017-05-14,0,12,5.466133125000001,0
2017-05-15,0,12,2.0731777777778007,0
2017-05-16,0,12,-0.26690104166669926,0
2017-05-17,0,12,-0.8821590277777993,0
2017-05-18,0,12,0.01851597222220036,0
2017-05-19,0,12,0.16766041666669906,0
2017-05-20,0,12,-1.177946875,0
2017-05-21,0,12,2.8960940972222016,0
2017-05-22,0,12,4.592811458333301,0
2017-05-23,0,12,5.126118055555601,0
2017-05-24,0,12,5.692150347222201,0
2017-05-25,0,12,10.368833333333331,0
2017-05-26,0,12,5.572648229166701,0
2017-05-27,0,12,2.109503472222201,0
2017-05-28,0,12,3.698420138888901,0
2017-05-29,0,12,3.1713357638889015,0
2017-05-30,0,12,2.6929385416667007,0
2017-05-31,0,12,2.490247569444401,0
2017-06-01,0,12,2.3373559027778015,0
2017-06-02,0,12,2.224575347222199,0
2017-06-03,0,12,1.314174652777801,0
2017-06-04,0,12,-0.11232916666670079,0
2017-06-05,0,12,2.326660069444401,0
2017-06-06,0,12,4.0276795138889,0
2017-06-07,0,12,6.5882836805556,0
2017-06-08,0,12,6.5420214583333,0
2017-06-09,0,12,5.1348353819444,0
2017-06-10,0,12,1.9672229166666995,0
2017-06-11,0,12,0.18326909722220108,0
2017-06-12,0,12,-0.45260590277779755,0
2017-06-13,0,12,-0.9011836805556008,0
2017-06-14,0,12,-0.6639256944443979,0
2017-06-15,0,12,-1.1120895833333009,0
2017-06-16,0,12,0.31985937500000006,0
2017-06-17,0,12,-0.8014795138888999,0
2017-06-18,0,12,-1.0231697916666995,0
2017-06-19,0,12,0.6752770833333024,0
2017-06-20,0,12,1.454626736111102,0
2017-06-21,0,12,0.28176458333330245,0
2017-06-22,0,12,1.2393964912280993,0
2017-06-23,0,12,0.4789750000000019,0
2017-06-24,0,12,0.958782638888902,0
2017-06-25,0,12,3.6325951388889006,0
2017-06-26,0,12,3.5556378472222008,0
2017-06-27,0,12,5.1503395486111,0
2017-06-28,0,12,3.1322836805556005,0
2017-06-29,0,12,0.844020486111102,0
2017-06-30,0,12,0.25069791666670227,0
2017-07-01,0,12,-1.094377083333299,0
2017-07-02,0,12,0.27641458333329894,0
2017-07-03,0,12,-0.5561510416666984,0
2017-07-04,0,12,0.2054954861111007,0
2017-07-05,0,12,0.17179861111110029,0
2017-07-06,0,12,0.3453697916667018,0
2017-07-07,0,12,0.12459305555560007,0
2017-07-08,0,12,0.11531354166670127,0
2017-07-09,0,12,1.0576996527777993,0
2017-07-10,0,12,-0.5782295138888998,0
2017-07-11,0,12,-2.410890972222198,0
2017-07-12,0,12,-2.7113406249999983,0
2017-07-13,0,12,-2.909227777777801,0
2017-07-14,0,12,-2.2102843750000005,0
2017-07-15,0,12,-1.3189191637630984,0
2017-07-16,0,12,-0.4107555555555997,0
2017-07-17,0,12,-1.2950951388889003,0
2017-07-18,0,12,-2.116888888888898,0
2017-07-19,0,12,-2.5790819444444004,0
2017-07-20,0,12,-2.6933309027777987,0
2017-07-21,0,12,-3.510147569444399,0
2017-07-22,0,12,-4.665627083333298,0
2017-07-23,0,12,-3.7573194444443985,0
2017-07-24,0,12,-1.5175197916667003,0
2017-07-25,0,12,-1.2146590277777989,0
2017-07-26,0,12,-1.796730208333301,0
2017-07-27,0,12,-1.5700402777777995,0
2017-07-28,0,12,-0.19194166666670043,0
2017-07-29,0,12,2.3724878472222013,0
2017-07-30,0,12,3.1656805555556016,0
2017-07-31,0,12,1.089382291666702,0
2017-08-01,0,12,0.2773743055556004,0
2017-08-02,0,12,-0.5607298611110991,0
2017-08-03,0,12,-0.8683499999999995,0
2017-08-04,0,12,0.8405249999999995,0
2017-08-05,0,12,4.4575103125,0
2017-08-06,0,12,2.3892145833333007,0
2017-08-07,0,12,0.572753125000002,0
2017-08-08,0,12,1.3900696969697002,0
2017-08-09,0,12,1.987371875000001,0
2017-08-10,0,12,2.056721875000001,0
2017-08-11,0,12,0.4916930555556007,0
2017-08-12,0,12,-0.13411458333330017,0
2017-08-13,0,12,0.56469375,0
2017-08-14,0,12,-0.8428045138889004,0
2017-08-15,0,12,-0.6371666666666975,0
2017-08-16,0,12,-1.2943517361110999,0
2017-08-17,0,12,-1.8840739583332997,0
2017-08-18,0,12,-1.2997072916666994,0
2017-08-19,0,12,0.03518576388890082,0
2017-08-20,0,12,-1.7749416666666988,0
2017-08-21,0,12,-2.7983336805556007,0
2017-08-22,0,12,-2.045447222222201,0
2017-08-23,0,12,0.12139583333329895,0
2017-08-24,0,12,4.147016666666701,0
2017-08-25,0,12,4.662630208333301,0
2017-08-26,0,12,3.2123138888889002,0
2017-08-27,0,12,1.630803125,0
2017-08-28,0,12,2.8428038194444003,0
2017-08-29,0,12,2.5200923611111,0
2017-08-30,0,12,1.2878267361111,0
2017-08-31,0,12,1.5776451388889008,0
2017-09-01,0,12,1.460572916666699,0
2017-09-02,0,12,7.3444053819444015,0
2017-09-03,0,12,5.514865173611101,0
2017-09-04,0,12,1.5700989583333005,0
2017-09-05,0,12,2.8146364583333003,0
2017-09-06,0,12,7.257066180555601,0
2017-09-07,0,12,9.565940069444451,0
2017-09-08,0,12,7.6765946875000015,0
2017-09-09,0,12,6.616249479166701,0
2017-09-10,0,12,7.186241423611101,0
2017-09-11,0,12,8.69498305555555,0
2017-09-12,0,12,5.1034724652778,0
2017-09-13,0,12,5.604408680555601,0
2017-09-14,0,12,6.510695833333301,0
2017-09-15,0,12,3.2962097222222013,0
2017-09-16,0,12,1.7182680555556011,0
2017-09-17,0,12,0.9603194444444014,0
2017-09-18,0,12,1.7417291666667012,0
2017-09-19,0,12,1.0560670138888995,0
2017-09-20,0,12,0.17162048611110237,0
2017-09-21,0,12,0.10186527777780086,0
2017-09-22,0,12,-0.4347999999999992,0
2017-09-23,0,12,-1.3527677083332996,0
2017-09-24,0,12,-0.6073180555555986,0
2017-09-25,0,12,-0.7517472222221997,0
2017-09-26,0,12,0.06824606299210245,0
2017-09-27,0,12,-0.4193291666666994,0
2017-09-28,0,12,1.0214197916667018,0
2017-09-29,0,12,5.194517708333301,0
2017-09-30,0,12,6.876892291666701,0
2017-10-01,0,12,6.687046041666701,0
2017-10-02,0,12,5.6621105555556,0
2017-10-03,0,12,3.1980399305556,0
2017-10-04,0,12,2.7353916666667004,0
2017-10-05,0,12,1.142214583333299,0
2017-10-06,0,12,1.2273673611110993,0
2017-10-07,0,12,1.0430743055555993,0
2017-10-08,0,12,0.7088031249999993,0
2017-10-09,0,12,0.4102809027777994,0
2017-10-10,0,12,-0.6298111111110991,0
2017-10-11,0,12,-0.020670486111100672,0
2017-10-12,0,12,2.5900069444444007,0
2017-10-13,0,12,1.467354166666702,0
2017-10-14,0,12,2.2045753472221996,0
2017-10-15,0,12,2.7368364583333005,0
2017-10-16,0,12,11.35019802083333,0
2017-10-17,0,12,12.32671204861111,0
2017-10-18,0,12,7.141098750000001,0
2017-10-19,0,12,6.349262430555601,0
2017-10-20,0,12,4.016076736111101,0
2017-10-21,0,12,3.0355420138889,0
2017-10-22,0,12,3.8793256944444003,0
2017-10-23,0,12,5.855166875,0
2017-10-24,0,12,12.637700277777782,0
2017-10-25,1,12,17.01418026208333,0
2017-10-26,1,12,15.072983287385421,0
2017-10-27,0,12,9.124717500000001,0
2017-10-28,1,12,11.80842825,0
2017-10-29,1,12,20.86541992430556,1
2017-10-30,1,12,20.123380714930562,0
2017-10-31,1,12,13.91816271038194,0
2017-11-01,0,12,10.959309375,0
2017-11-02,0,12,7.1047424652778,0
2017-11-03,0,12,5.3611854166667,0
2017-11-04,0,12,5.841277777777801,0
2017-11-05,0,12,5.0954524305556,0
2017-11-06,0,12,4.801184027777801,0
2017-11-07,0,12,7.2026638194444015,0
2017-11-08,0,12,15.197152013888891,0
2017-11-09,0,12,13.317966202090592,0
2017-11-10,1,12,18.307266532361112,0
2017-11-11,1,12,16.0566040684375,0
2017-11-12,0,12,14.1606640625,0
2017-11-13,1,12,16.26932713541667,0
2017-11-14,1,12,17.889607105381945,0
2017-11-15,0,12,15.56958616666667,0
2017-11-16,0,12,13.830011527777781,0
2017-11-17,1,12,12.84962062708334,0
2017-11-18,0,12,11.28033083333333,0
2017-11-19,1,12,18.357142013645834,0
2017-11-20,1,12,20.08037118947917,0
2017-11-21,0,12,14.16908352083333,0
2017-11-22,1,12,16.22053669850694,0
2017-11-23,1,12,16.93492212986111,0
2017-11-24,0,12,13.55423322916667,0
2017-11-25,0,12,11.635331909722222,0
2017-11-26,1,12,16.78264691107639,0
2017-11-27,1,12,14.73671340902778,0
2017-11-28,0,12,10.81402947916667,0
2017-11-29,0,12,9.80759861111111,0
2017-11-30,0,12,10.69587795138889,0
2017-12-01,0,12,12.09066663194444,0
2017-12-02,0,12,10.69001020833333,0
2017-12-03,0,12,12.131091111111111,0
2017-12-04,0,12,10.59664229166667,0
2017-12-05,0,12,11.369144097222222,0
2017-12-06,1,12,20.681085159845562,0
2017-12-07,1,12,20.55412918819444,0
2017-12-08,1,12,24.338135625,1
2017-12-09,1,12,23.518300590277782,1
2017-12-10,1,12,25.50415319444444,1
2017-12-11,1,12,19.07456426527778,0
2017-12-12,1,12,20.333518417361113,0
2017-12-13,1,12,27.35953454861111,1
2017-12-14,1,12,20.734151934027782,0
2017-12-15,1,12,24.53596347222222,1
2017-12-16,1,12,22.089519609375,0
2017-12-17,1,12,16.08619501944444,0
2017-12-18,0,12,14.508384062500001,0
2017-12-19,0,12,11.848065034722222,0
2017-12-20,0,12,12.026137118055551,0
2017-12-21,0,12,12.62020986111111,0
2017-12-22,0,12,11.904762847222221,0
2017-12-23,0,12,9.70374378472222,0
2017-12-24,1,12,18.261135550555558,0
2017-12-25,1,12,27.46936639131945,0
2017-12-26,1,12,26.88194430555556,1
2017-12-27,1,12,26.97096180555556,1
2017-12-28,1,12,28.468248571428603,1
2017-12-29,1,12,24.18615409722222,1
2017-12-30,1,12,23.7352159375,1
2017-12-31,1,12,31.582959513888902,1
2018-01-01,1,11,35.280832638888896,1
2018-01-02,1,11,34.1037827083333,1
2018-01-03,1,11,27.76515364583333,1
2018-01-04,1,11,32.056641875,1
2018-01-05,1,11,35.260575,1
2018-01-06,1,11,36.3540177083333,1
2018-01-07,1,11,27.55259211805556,1
2018-01-08,1,11,19.779072687847222,0
2018-01-09,0,11,13.79231416666667,0
2018-01-10,0,11,11.19699006944445,0
2018-01-11,0,11,8.97766559027778,0
2018-01-12,0,11,7.798451180555601,0
2018-01-13,1,11,28.07924153125,0
2018-01-14,1,11,32.9812415972222,1
2018-01-15,1,11,27.06296826388889,1
2018-01-16,1,11,23.56827770833333,1
2018-01-17,1,11,35.2100368055556,1
2018-01-18,1,11,31.317856458333303,1
2018-01-19,1,11,20.61178732564583,0
2018-01-20,1,11,16.85228410868056,0
2018-01-21,0,11,12.19815666666667,0
2018-01-22,0,11,10.29451635416667,0
2018-01-23,1,11,14.37275085520833,0
2018-01-24,1,11,23.27120559027778,1
2018-01-25,1,11,22.58768603684028,0
2018-01-26,1,11,15.59657753402778,0
2018-01-27,0,11,14.336155833333331,0
2018-01-28,0,11,12.44128645833333,0
2018-01-29,1,11,18.581818627430557,0
2018-01-30,1,11,26.940035625,1
2018-01-31,1,11,22.73765004201389,0
2018-02-01,0,11,16.66388145114583,0
2018-02-02,1,11,27.83169536076389,1
2018-02-03,1,11,27.29408905263158,1
2018-02-04,1,11,19.226548884166668,0
2018-02-05,1,11,23.93179975694444,1
2018-02-06,1,11,19.35665941161172,0
2018-02-07,1,11,15.16104963715278,0
2018-02-08,1,11,23.78088285714286,1
2018-02-09,1,11,16.695844900381942,0
2018-02-10,0,11,11.851007465277782,0
2018-02-11,0,11,7.824948923611101,0
2018-02-12,1,11,16.12890253114583,0
2018-02-13,1,11,15.53957320833333,0
2018-02-14,0,11,10.349117604166672,0
2018-02-15,0,11,7.1752264583333005,0
2018-02-16,0,11,8.422855416666671,0
2018-02-17,1,11,16.62422568118056,0
2018-02-18,1,11,15.712212805208331,0
2018-02-19,0,11,9.7301940625,0
2018-02-20,0,11,5.155224826388901,0
2018-02-21,0,11,4.4473975694444015,0
2018-02-22,0,11,3.9554684027778,0
2018-02-23,0,11,3.5222541666667,0
2018-02-24,0,11,5.622714236111101,0
2018-02-25,0,11,8.777485208333331,0
2018-02-26,1,11,14.692373771875001,0
2018-02-27,0,11,13.737273239583331,0
2018-02-28,0,11,13.207552500000002,0
2018-03-01,0,11,10.480295833333331,0
2018-03-02,1,11,18.689974964930556,0
2018-03-03,1,11,20.97703379177083,0
2018-03-04,1,11,18.51858798611111,0
2018-03-05,1,11,14.12701127361111,0
2018-03-06,0,11,14.39315545138889,0
2018-03-07,1,11,20.972970461805552,0
2018-03-08,1,11,24.90133711805556,1
2018-03-09,1,11,24.82105192427083,0
2018-03-10,1,11,16.61350089930556,0
2018-03-11,0,11,12.73743548611111,0
2018-03-12,1,11,20.77901068552083,0
2018-03-13,1,11,24.00885666666667,1
2018-03-14,1,11,26.893735104166673,1
2018-03-15,1,11,17.859987538541667,0
2018-03-16,1,11,14.32138722118055,0
2018-03-17,0,11,9.59832253472222,0
2018-03-18,0,11,12.77586052083333,0
2018-03-19,0,11,9.67219291666667,0
2018-03-20,0,11,11.27507125,0
2018-03-21,1,11,23.30338323760417,0
2018-03-22,1,11,23.578696850694442,1
2018-03-23,1,11,20.3487878625,0
2018-03-24,1,11,18.472787014930557,0
2018-03-25,1,11,15.30663984746528,0
2018-03-26,1,11,14.96694518079861,0
2018-03-27,0,11,12.63689364583333,0
2018-03-28,0,11,8.83248784722222,0
2018-03-29,0,11,5.519238194444402,0
2018-03-30,1,11,12.55839442638889,0
2018-03-31,1,11,15.17563339636806,0
2018-04-01,0,11,9.7308571875,0
2018-04-02,0,11,10.013272430555562,0
2018-04-03,0,11,6.3510790812721005,0
2018-04-04,1,11,12.499266368055562,0
2018-04-05,1,11,19.58135912708333,0
2018-04-06,0,11,12.273380868055561,0
2018-04-07,1,11,18.67740281142361,0
2018-04-08,1,11,22.919983637152782,0
2018-04-09,1,11,18.185312015659722,0
2018-04-10,1,11,17.16481243368056,0
2018-04-11,1,11,15.116648132881942,0
2018-04-12,0,11,7.9158734027778,0
2018-04-13,0,11,3.631140277777801,0
2018-04-14,0,11,2.7293545138889,0
2018-04-15,0,11,5.0739501041667,0
2018-04-16,1,11,20.59957839263889,0
2018-04-17,1,11,19.71245579861111,0
2018-04-18,0,11,5.298406111111101,0
2018-04-19,1,11,14.156011979062502,0
2018-04-20,1,11,15.704982746875,0
2018-04-21,0,11,9.74084423611111,0
2018-04-22,0,11,6.8870919444444,0
2018-04-23,0,11,10.176412673611111,0
2018-04-24,0,11,9.495580381944452,0
2018-04-25,0,11,10.63215302083333,0
2018-04-26,0,11,11.57077392361111,0
2018-04-27,0,11,10.1829871875,0
2018-04-28,0,11,7.597895486111101,0
2018-04-29,1,11,14.36709720440972,0
2018-04-30,0,11,9.828951111111111,0
2018-05-01,0,11,3.6469881944444005,0
2018-05-02,0,11,1.571684027777799,0
2018-05-03,0,11,0.4480850694443994,0
2018-05-04,0,11,1.3186052083333024,0
2018-05-05,0,11,3.0936194444444,0
2018-05-06,0,11,6.3802043402778015,0
2018-05-07,0,11,5.269192604166701,0
2018-05-08,0,11,5.176452222222201,0
2018-05-09,0,11,3.5962253472222,0
2018-05-10,0,11,1.8402927083333012,0
2018-05-11,0,11,-0.2679291666667005,0
2018-05-12,0,11,-1.0816187500000005,0
2018-05-13,0,11,-1.2691270833332986,0
2018-05-14,0,11,-1.5352534722221982,0
2018-05-15,0,11,-0.541978125,0
2018-05-16,0,11,2.2026774305555996,0
2018-05-17,0,11,1.9512656250000013,0
2018-05-18,0,11,1.4125677083333024,0
2018-05-19,0,11,2.4793638888889014,0
2018-05-20,0,11,-0.20250555555560013,0
2018-05-21,0,11,0.22953888888890006,0
2018-05-22,0,11,1.4983927083333022,0
2018-05-23,0,11,0.9475795138889005,0
2018-05-24,0,11,0.31156631944439894,0
2018-05-25,0,11,-0.19753611111109848,0
2018-05-26,0,11,1.4543934027778,0
2018-05-27,0,11,0.8553621527778006,0
2018-05-28,0,11,0.6054545138889011,0
2018-05-29,0,11,0.5785666666666991,0
2018-05-30,0,11,0.6176947916667004,0
2018-05-31,0,11,0.9138378472222008,0
2018-06-01,0,11,2.1230444444443997,0
2018-06-02,0,11,0.6687038194443993,0
2018-06-03,0,11,0.36969583333329936,0
2018-06-04,0,11,3.2961565972222004,0
2018-06-05,0,11,3.9726128113879007,0
2018-06-06,0,11,2.1762159722222023,0
2018-06-07,0,11,1.712962847222201,0
2018-06-08,0,11,-0.978655902777799,0
2018-06-09,0,11,-1.5998458333332977,0
2018-06-10,0,11,-0.8108739583332998,0
2018-06-11,0,11,-0.17607222222219931,0
2018-06-12,0,11,0.22015972222219915,0
2018-06-13,0,11,0.5281756944443998,0
2018-06-14,0,11,-0.9361350694444006,0
2018-06-15,0,11,-0.5562090277778005,0
2018-06-16,0,11,-2.2384999999999984,0
2018-06-17,0,11,-3.2933239583333,0
2018-06-18,0,11,-3.5578069444443976,0
2018-06-19,0,11,-2.7858006944444007,0
2018-06-20,0,11,-1.7034267361110977,0
2018-06-21,0,11,0.20641597222219943,0
2018-06-22,0,11,0.5427538194443997,0
2018-06-23,0,11,1.2493010416667012,0
2018-06-24,0,11,-0.6080374999999982,0
2018-06-25,0,11,0.38546111111110193,0
2018-06-26,0,11,0.9841684027778008,0
2018-06-27,0,11,1.6847270833333,0
2018-06-28,0,11,-0.621946874999999,0
2018-06-29,0,11,-1.9589090277777998,0
2018-06-30,0,11,-3.0927111111111003,0
2018-07-01,0,11,-2.9047034722221987,0
2018-07-02,0,11,-2.498698263888901,0
2018-07-03,0,11,-3.816561805555601,0
2018-07-04,0,11,-4.712382638888901,0
2018-07-05,0,11,-3.288356597222201,0
2018-07-06,0,11,-1.9508447916667002,0
2018-07-07,0,11,0.009070731707300439,0
2018-07-08,0,11,-0.1455822916666989,0
2018-07-09,0,11,-0.7304937500000008,0
2018-07-10,0,11,-1.6258940972222007,0
2018-07-11,0,11,-1.9072607638888996,0
2018-07-12,0,11,-0.983401736111098,0
2018-07-13,0,11,-1.8676812500000004,0
2018-07-14,0,11,-2.2040156250000003,0
2018-07-15,0,11,-2.034668749999998,0
2018-07-16,0,11,-1.4856319444443997,0
2018-07-17,0,11,-1.0184961805555979,0
2018-07-18,0,11,0.6712180555556024,0
2018-07-19,0,11,0.37203680555560226,0
2018-07-20,0,11,-0.7873423611111008,0
2018-07-21,0,11,2.2851090277778,0
2018-07-22,0,11,2.2304861111111016,0
2018-07-23,0,11,1.0442555555556012,0
2018-07-24,0,11,0.9612451388889021,0
2018-07-25,0,11,0.6809442105263024,0
2018-07-26,0,11,-0.521838888888901,0
2018-07-27,0,11,-0.46040312499999914,0
2018-07-28,0,11,2.1370947916667014,0
2018-07-29,0,11,1.0498861111110998,0
2018-07-30,0,11,-1.1176753472221996,0
2018-07-31,0,11,-0.3257420138888989,0
2018-08-01,0,11,2.1897197916667004,0
2018-08-02,0,11,2.2316166666666994,0
2018-08-03,0,11,0.6041020833333022,0
2018-08-04,0,11,-1.1764708333332976,0
2018-08-05,0,11,-2.4235086805555994,0
2018-08-06,0,11,-1.7349034722222,0
2018-08-07,0,11,-2.2727677083332978,0
2018-08-08,0,11,-0.6214756944443991,0
2018-08-09,0,11,-0.06870972222219862,0
2018-08-10,0,11,0.4410083333333006,0
2018-08-11,0,11,-0.4206204861110976,0
2018-08-12,0,11,-0.43208402777779753,0
2018-08-13,0,11,1.0435347222222013,0
2018-08-14,0,11,0.4615777777778014,0
2018-08-15,0,11,-0.2403576388888986,0
2018-08-16,0,11,-1.107910416666698,0
2018-08-17,0,11,-1.1937354838709986,0
2018-08-18,0,11,-0.18313055555559998,0
2018-08-19,0,11,-0.15289409722219816,0
2018-08-20,0,11,-1.1072209964412991,0
2018-08-21,0,11,0.07383581560280206,0
2018-08-22,0,11,2.266066666666699,0
2018-08-23,0,11,4.9761061111111005,0
2018-08-24,0,11,3.5228239583333014,0
2018-08-25,0,11,2.3102291666667014,0
2018-08-26,0,11,-0.2583517361110985,0
2018-08-27,0,11,-2.1955965277777985,0
2018-08-28,0,11,-2.235365277777799,0
2018-08-29,0,11,-1.9068291666667,0
2018-08-30,0,11,-1.5429583333332992,0
2018-08-31,0,11,-1.519539583333298,0
2018-09-01,0,11,-1.1825243055555994,0
2018-09-02,0,11,-2.2338677083332996,0
2018-09-03,0,11,-2.2867496527778,0
2018-09-04,0,11,-3.280811111111099,0
2018-09-05,0,11,-2.8302833333332984,0
2018-09-06,0,11,-2.098297569444398,0
2018-09-07,0,11,-1.4909656249999976,0
2018-09-08,0,11,-1.9029725694443975,0
2018-09-09,0,11,-0.22862614840989792,0
2018-09-10,0,11,0.7792315972221999,0
2018-09-11,0,11,2.2000024305555996,0
2018-09-12,0,11,-1.0138069444444007,0
2018-09-13,0,11,-1.867296875000001,0
2018-09-14,0,11,-0.983808680555601,0
2018-09-15,0,11,0.09235312500000248,0
2018-09-16,0,11,1.5121517361111003,0
2018-09-17,0,11,1.4443729166667012,0
2018-09-18,0,11,-0.0017378472221984964,0
2018-09-19,0,11,-1.1946111111111009,0
2018-09-20,0,11,-2.1110131944444,0
2018-09-21,0,11,-1.3341045138888994,0
2018-09-22,0,11,-0.4624468749999977,0
2018-09-23,0,11,1.3030034722222013,0
2018-09-24,0,11,1.9757666666667006,0
2018-09-25,0,11,2.2564517361110994,0
2018-09-26,0,11,1.4948684027778008,0
2018-09-27,0,11,2.9160215277778008,0
2018-09-28,0,11,4.559775694444401,0
2018-09-29,0,11,3.9487784722222,0
2018-09-30,0,11,1.5109180555555994,0
2018-10-01,0,11,0.6346409722222006,0
2018-10-02,0,11,2.0833805555555998,0
2018-10-03,0,11,1.1223510416667004,0
2018-10-04,0,11,-0.002432291666700337,0
2018-10-05,0,11,-1.0080562499999992,0
2018-10-06,0,11,-1.2044427083332998,0
2018-10-07,0,11,-1.1801267361110988,0
2018-10-08,0,11,-0.9138475694444992,0
2018-10-09,0,11,0.8080392361110995,0
2018-10-10,0,11,1.3782388888889017,0
2018-10-11,0,11,3.0889133333333003,0
2018-10-12,0,11,12.20276107638889,0
2018-10-13,0,11,13.511361701388891,0
2018-10-14,0,11,10.300052743055561,0
2018-10-15,0,11,5.3361,0
2018-10-16,0,11,8.38675597222222,0
2018-10-17,0,11,10.711778402777782,0
2018-10-18,1,11,13.642638834375001,0
2018-10-19,0,11,9.465387256944451,0
2018-10-20,0,11,9.974480555555552,0
2018-10-21,1,11,17.728997731944446,0
2018-10-22,1,11,12.645680439236111,0
2018-10-23,0,11,10.199613125,0
2018-10-24,0,11,13.87647844415094,0
2018-10-25,0,11,12.31004788194445,0
2018-10-26,0,11,11.020304548611112,0
2018-10-27,0,11,13.577502430555562,0
2018-10-28,0,11,14.32811420138889,0
2018-10-29,0,11,13.651998055555561,0
2018-10-30,0,11,10.95568184027778,0
2018-10-31,0,11,7.768220729166702,0
2018-11-01,0,11,6.411696527777801,0
2018-11-02,0,11,11.283683597222222,0
2018-11-03,1,11,16.826579290034722,0
2018-11-04,0,11,12.37220815972222,0
2018-11-05,0,11,9.806740868055561,0
2018-11-06,0,11,7.1522898263889,0
2018-11-07,0,11,10.234444722222221,0
2018-11-08,0,11,12.23872024305556,0
2018-11-09,0,11,12.06874153159722,0
2018-11-10,1,11,22.358936715277782,1
2018-11-11,1,11,18.9215529009375,0
2018-11-12,0,11,14.20922544097222,0
2018-11-13,1,11,15.313072405208331,0
2018-11-14,1,11,19.729035644791672,0
2018-11-15,1,11,16.43488767986111,0
2018-11-16,1,11,21.90629743402778,0
2018-11-17,1,11,15.243740234722221,0
2018-11-18,0,11,13.35061104166667,0
2018-11-19,0,11,13.093340902777781,0
2018-11-20,1,11,17.29021964232639,0
2018-11-21,1,11,20.03451016979167,0
2018-11-22,1,11,16.45333503552708,0
2018-11-23,0,11,15.10369125,0
2018-11-24,0,11,15.022301875,0
2018-11-25,0,11,13.989773728223,0
2018-11-26,1,11,17.320087895833332,0
2018-11-27,1,11,26.24426461805556,1
2018-11-28,1,11,29.7499961458333,1
2018-11-29,1,11,21.14328653829861,0
2018-11-30,0,11,11.97366649305555,0
2018-12-01,0,11,9.43960243055556,0
2018-12-02,0,11,8.44173809027778,0
2018-12-03,1,11,14.40257110097222,0
2018-12-04,1,11,22.40895333333333,1
2018-12-05,1,11,25.07393503472222,1
2018-12-06,1,11,24.72878319444445,1
2018-12-07,1,11,21.39576072916667,1
2018-12-08,1,11,21.590194687500002,1
2018-12-09,1,11,19.51555945972222,0
2018-12-10,1,11,20.9584044146875,0
2018-12-11,1,11,22.11138271805556,1
2018-12-12,1,11,19.63066340277778,1
2018-12-13,1,11,15.77537535774306,0
2018-12-14,0,11,12.42691690972222,0
2018-12-15,0,11,9.745257881944442,0
2018-12-16,0,11,15.29746256944445,0
2018-12-17,1,11,16.52509260868056,0
2018-12-18,1,11,17.57320183090278,0
2018-12-19,0,11,14.597471493055561,0
2018-12-20,0,11,12.732542395833331,0
2018-12-21,1,11,16.185718969791672,0
2018-12-22,1,11,21.616312638888893,1
2018-12-23,1,11,19.02047525486111,0
2018-12-24,1,11,21.78634694791667,1
2018-12-25,1,11,19.43780507135417,0
2018-12-26,1,11,17.687697902083332,0
2018-12-27,0,11,14.514420034722221,0
2018-12-28,0,11,9.913978923611111,0
2018-12-29,0,11,13.90846643402778,0
2018-12-30,1,11,13.476407848263891,0
2018-12-31,0,11,9.36624315972222,0
2019-01-01,0,14,11.15743805555555,0
2019-01-02,0,14,14.58121368055555,0
2019-01-03,0,14,15.05106826388889,0
2019-01-04,0,14,11.182049548611111,0
2019-01-05,1,14,16.441009548541672,0
2019-01-06,0,14,12.92799173611111,0
2019-01-07,0,14,9.831313784722221,0
2019-01-08,0,14,10.479832222222221,0
2019-01-09,1,14,20.516664108680562,0
2019-01-10,1,14,28.513429201388902,1
2019-01-11,1,14,23.64588059707719,0
2019-01-12,1,14,17.96668396423611,0
2019-01-13,1,14,16.775261896770832,0
2019-01-14,1,14,20.68495500486111,0
2019-01-15,1,14,22.33852791666667,1
2019-01-16,1,14,21.912513770833332,1
2019-01-17,1,14,20.522385524305562,1
2019-01-18,1,14,17.4502694259375,0
2019-01-19,0,14,15.040027138888892,0
2019-01-20,1,14,23.73567196319444,0
2019-01-21,1,14,34.8237019791667,1
2019-01-22,1,14,21.664576509027782,0
2019-01-23,1,14,14.70214256527778,0
2019-01-24,1,14,19.04851970625,0
2019-01-25,1,14,26.83893996527778,1
2019-01-26,1,14,25.42919065972222,1
2019-01-27,1,14,21.53753711805555,1
2019-01-28,1,14,19.48037546899306,0
2019-01-29,1,14,22.49265004965278,0
2019-01-30,1,14,31.2538288194444,1
2019-01-31,1,14,31.5179308680556,1
2019-02-01,1,14,21.01908934013889,0
2019-02-02,1,14,15.03201229548611,0
2019-02-03,0,14,11.222199965277781,0
2019-02-04,0,14,11.51391361111111,0
2019-02-05,0,14,8.949945740072211,0
2019-02-06,0,14,8.1281480902778,0
2019-02-07,0,14,5.646803819444401,0
2019-02-08,1,14,15.71007360069445,0
2019-02-09,1,14,24.81009452829268,0
2019-02-10,1,14,16.62034710520833,0
2019-02-11,0,14,12.552497256944442,0
2019-02-12,0,14,10.146758125,0
2019-02-13,1,14,21.17829528470833,0
2019-02-14,1,14,16.803720255902782,0
2019-02-15,0,14,13.422654027777781,0
2019-02-16,1,14,18.542105929270832,0
2019-02-17,1,14,15.16565830663194,0
2019-02-18,1,14,17.85598190857639,0
2019-02-19,1,14,21.21129864545139,0
2019-02-20,1,14,14.810656680902781,0
2019-02-21,0,14,11.323603125000002,0
2019-02-22,0,14,13.50799805555556,0
2019-02-23,0,14,11.174078020833331,0
2019-02-24,0,14,11.35329795486111,0
2019-02-25,1,14,20.16056261145833,0
2019-02-26,0,14,14.47243017793594,0
2019-02-27,0,14,10.7515903125,0
2019-02-28,0,14,11.196782561403511,0
2019-03-01,0,14,11.2755315625,0
2019-03-02,1,14,17.1831748334375,0
2019-03-03,1,14,16.55030280876042,0
2019-03-04,1,14,25.43244784722222,1
2019-03-05,1,14,29.241716250000003,1
2019-03-06,1,14,29.8222301041667,1
2019-03-07,1,14,24.285691343750003,1
2019-03-08,1,14,19.372620287812502,0
2019-03-09,0,14,12.38258215277778,0
2019-03-10,0,14,8.57271590277778,0
2019-03-11,0,14,13.43108339236111,0
2019-03-12,1,14,16.17844087361111,0
2019-03-13,0,14,9.61783184027778,0
2019-03-14,0,14,7.333310104166701,0
2019-03-15,0,14,8.2398020486111,0
2019-03-16,1,14,18.975321751979166,0
2019-03-17,1,14,18.39487888763889,0
2019-03-18,1,14,19.0724820125,0
2019-03-19,1,14,19.155456116666667,0
2019-03-20,1,14,15.08675732451389,0
2019-03-21,1,14,15.533878487083332,0
2019-03-22,1,14,18.163127412937065,0
2019-03-23,1,14,17.337633721875,0
2019-03-24,0,14,10.29785357638889,0
2019-03-25,0,14,10.458268784722222,0
2019-03-26,1,14,15.706405382048612,0
2019-03-27,1,14,14.74390230090278,0
2019-03-28,0,14,11.133806805555551,0
2019-03-29,0,14,8.52955041666666,0
2019-03-30,0,14,7.20294,0
2019-03-31,1,14,16.58852095791667,0
2019-04-01,1,14,22.33642714965278,0
2019-04-02,1,14,17.09729458159722,0
2019-04-03,0,14,12.43480133680556,0
2019-04-04,0,14,6.666326493055601,0
2019-04-05,0,14,9.808203958333332,0
2019-04-06,0,14,7.538449375000001,0
2019-04-07,0,14,5.9174576388889015,0
2019-04-08,0,14,5.550217708333301,0
2019-04-09,0,14,6.4320730208333,0
2019-04-10,0,14,6.556304791666701,0
2019-04-11,0,14,2.3490517361111003,0
2019-04-12,0,14,4.1430954861111005,0
2019-04-13,0,14,5.7573848263889005,0
2019-04-14,0,14,3.862595138888901,0
2019-04-15,1,14,16.58003622326389,0
2019-04-16,0,14,9.9237485625,0
2019-04-17,0,14,3.799011111111101,0
2019-04-18,0,14,2.2972131944443994,0
2019-04-19,0,14,6.079678611111101,0
2019-04-20,0,14,15.253747453819441,0
2019-04-21,1,14,16.03267031305556,0
2019-04-22,0,14,7.5342034375,0
2019-04-23,0,14,2.0552135416666992,0
2019-04-24,0,14,2.4324975694444007,0
2019-04-25,0,14,2.817567013888901,0
2019-04-26,0,14,9.1539609375,0
2019-04-27,0,14,10.50758885416667,0
2019-04-28,0,14,5.8303294097222,0
2019-04-29,0,14,4.2403767361111,0
2019-04-30,0,14,0.726827430555602,0
2019-05-01,0,14,0.4677666666667015,0
2019-05-02,0,14,1.0785600694444,0
2019-05-03,0,14,3.2355416666667,0
2019-05-04,0,14,3.7520201388889003,0
2019-05-05,0,14,5.972356250000001,0
2019-05-06,0,14,7.016251554770301,0
2019-05-07,0,14,3.3514388888889,0
2019-05-08,0,14,1.1412548611111006,0
2019-05-09,0,14,2.1958034722222024,0
2019-05-10,0,14,2.826183333333301,0
2019-05-11,0,14,4.117256944444401,0
2019-05-12,0,14,4.2623924731183,0
2019-05-13,0,14,10.705764525547451,0
2019-05-14,0,14,12.22949638888889,0
2019-05-15,0,14,9.76562777777778,0
2019-05-16,0,14,6.3886353472222,0
2019-05-17,0,14,0.8538916666667014,0
2019-05-18,0,14,-0.9928572916666987,0
2019-05-19,0,14,0.5387722222221996,0
2019-05-20,0,14,0.7295447916667008,0
2019-05-21,0,14,2.016804861111101,0
2019-05-22,0,14,-0.4514170138889,0
2019-05-23,0,14,-0.7819055555555998,0
2019-05-24,0,14,-1.6355350694443977,0
2019-05-25,0,14,-2.1000256944443976,0
2019-05-26,0,14,-1.6512100694443994,0
2019-05-27,0,14,0.1905184027778013,0
2019-05-28,0,14,-1.5936836805555998,0
2019-05-29,0,14,-0.7904888888888983,0
2019-05-30,0,14,-0.41277152777779946,0
2019-05-31,0,14,3.386582986111101,0
2019-06-01,0,14,4.2572520833333005,0
2019-06-02,0,14,1.6021920138888994,0
2019-06-03,0,14,4.5975670138889,0
2019-06-04,0,14,3.261044479166701,0
2019-06-05,0,14,2.2737899305556013,0
2019-06-06,0,14,0.7078090277778024,0
2019-06-07,0,14,1.9369000000000014,0
2019-06-08,0,14,1.2325625000000002,0
2019-06-09,0,14,1.6429204861111018,0
2019-06-10,0,14,1.641172222222199,0
2019-06-11,0,14,6.8882701041667005,0
2019-06-12,0,14,6.256427118055601,0
2019-06-13,0,14,6.434422569444401,0
2019-06-14,0,14,7.169902534722201,0
2019-06-15,0,14,3.5306402777778008,0
2019-06-16,0,14,0.07081388888889961,0
2019-06-17,0,14,-0.9163156249999993,0
2019-06-18,0,14,1.3935527777777992,0
2019-06-19,0,14,0.9892222222221996,0
2019-06-20,0,14,1.7579475694444007,0
2019-06-21,0,14,3.0190170138889005,0
2019-06-22,0,14,1.3492979166666998,0
2019-06-23,0,14,0.4276579861111003,0
2019-06-24,0,14,-0.6289267361111008,0
2019-06-25,0,14,1.1376378472222015,0
2019-06-26,0,14,-0.44636736111110054,0
2019-06-27,0,14,-2.536694791666701,0
2019-06-28,0,14,-1.9954302083332998,0
2019-06-29,0,14,-1.3739166666666982,0
2019-06-30,0,14,-1.2336114583333,0
2019-07-01,0,14,-1.2011010416666998,0
2019-07-02,0,14,-1.5016854166666995,0
2019-07-03,0,14,-1.7526614583333,0
2019-07-04,0,14,-0.6258489583333002,0
2019-07-05,0,14,-2.0495805555556004,0
2019-07-06,0,14,-1.819094097222198,0
2019-07-07,0,14,-1.3684218749999992,0
2019-07-08,0,14,-1.2469579861110986,0
2019-07-09,0,14,-2.0863159722221987,0
2019-07-10,0,14,-1.9812694444444006,0
2019-07-11,0,14,-0.9985902777778008,0
2019-07-12,0,14,-1.6593427083332983,0
2019-07-13,0,14,-2.0435315972221986,0
2019-07-14,0,14,-1.615626041666701,0
2019-07-15,0,14,-1.9822336805555985,0
2019-07-16,0,14,-2.386634375,0
2019-07-17,0,14,-0.7556836805555989,0
2019-07-18,0,14,-1.6295704861110991,0
2019-07-19,0,14,-2.885978417266198,0
2019-07-20,0,14,-4.1342201388888995,0
2019-07-21,0,14,-2.5405645833332997,0
2019-07-22,0,14,-0.5535510416667009,0
2019-07-23,0,14,3.0996194444444,0
2019-07-24,0,14,4.2283302083333005,0
2019-07-25,0,14,3.360652083333301,0
2019-07-26,0,14,1.0539274305556,0
2019-07-27,0,14,-0.0028055555556001366,0
2019-07-28,0,14,-1.0997652777777986,0
2019-07-29,0,14,-1.6732878472221984,0
2019-07-30,0,14,-1.0020694444443983,0
2019-07-31,0,14,0.5274270833333006,0
2019-08-01,0,14,-0.6700618055555978,0
2019-08-02,0,14,0.07015000000000171,0
2019-08-03,0,14,-0.2093284722222002,0
2019-08-04,0,14,-0.6674135416667006,0
2019-08-05,0,14,-0.08891041666669963,0
2019-08-06,0,14,-0.6210364583333003,0
2019-08-07,0,14,-0.3650753472221986,0
2019-08-08,0,14,-0.43771562499999916,0
2019-08-09,0,14,-1.0886142361110984,0
2019-08-10,0,14,-1.7450215277777978,0
2019-08-11,0,14,-0.3699934027777978,0
2019-08-12,0,14,-1.9770649305555992,0
2019-08-13,0,14,-2.6784763888888996,0
2019-08-14,0,14,-2.0899725694443987,0
2019-08-15,0,14,-1.647194444444498,0
2019-08-16,0,14,-1.153164236111099,0
2019-08-17,0,14,-2.5421687499999983,0
2019-08-18,0,14,-3.2596927083333007,0
2019-08-19,0,14,-3.7617621527777985,0
2019-08-20,0,14,-3.852184027777799,0
2019-08-21,0,14,-2.2798027777777996,0
2019-08-22,0,14,-1.931129513888898,0
2019-08-23,0,14,-0.1340180555556003,0
2019-08-24,0,14,1.6995006944443993,0
2019-08-25,0,14,2.439161111111101,0
2019-08-26,0,14,3.5979534722222013,0
2019-08-27,0,14,2.3987604166667005,0
2019-08-28,0,14,0.8896003484321007,0
2019-08-29,0,14,3.3878354166667,0
2019-08-30,0,14,0.3207451388888991,0
2019-08-31,0,14,-1.692556944444398,0
2019-09-01,0,14,-1.0232888888888994,0
2019-09-02,0,14,-0.9311135416667007,0
2019-09-03,0,14,-1.2095385416666993,0
2019-09-04,0,14,-2.4328680555555984,0
2019-09-05,0,14,-0.18591319444439947,0
2019-09-06,0,14,2.248664930555602,0
2019-09-07,0,14,0.7430131944444014,0
2019-09-08,0,14,0.5768104166666994,0
2019-09-09,0,14,-1.825807291666699,0
2019-09-10,0,14,-3.763934374999998,0
2019-09-11,0,14,-3.9117055555555993,0
2019-09-12,0,14,-3.870097222222199,0
2019-09-13,0,14,-4.433818055555598,0
2019-09-14,0,14,-2.057154166666699,0
2019-09-15,0,14,-2.1458121527778005,0
2019-09-16,0,14,-3.744416319444401,0
2019-09-17,0,14,-2.403699305555598,0
2019-09-18,0,14,-0.6874559027777991,0
2019-09-19,0,14,3.4268687500000006,0
2019-09-20,0,14,2.8653777777778,0
2019-09-21,0,14,-0.16318958333329903,0
2019-09-22,0,14,-1.1064718750000004,0
2019-09-23,0,14,0.6407659722222014,0
2019-09-24,0,14,3.056356944444401,0
2019-09-25,0,14,1.5861750000000008,0
2019-09-26,0,14,0.2780020833333019,0
2019-09-27,0,14,0.048195138888900146,0
2019-09-28,0,14,-2.1586868055556003,0
2019-09-29,0,14,-3.485949652777798,0
2019-09-30,0,14,-3.2901079861110993,0
2019-10-01,0,14,-3.802482986111098,0
2019-10-02,0,14,-3.847032638888898,0
2019-10-03,0,14,-4.156361111111099,0
2019-10-04,0,14,0.029427777777801367,0
2019-10-05,0,14,1.6481045138888994,0
2019-10-06,0,14,4.2241860627178,0
2019-10-07,0,14,4.2508833680556,0
2019-10-08,0,14,7.777422152777801,0
2019-10-09,0,14,4.8436728222997,0
2019-10-10,0,14,3.8905395833333003,0
2019-10-11,0,14,3.3762965277778,0
2019-10-12,0,14,7.3321375347222,0
2019-10-13,0,14,7.435344861111101,0
2019-10-14,0,14,7.849721944444401,0
2019-10-15,0,14,5.2862274305556,0
2019-10-16,0,14,9.651906284722221,0
2019-10-17,1,14,16.01035117604167,0
2019-10-18,0,14,12.630722256944441,0
2019-10-19,0,14,8.263038125000001,0
2019-10-20,0,14,6.8602257291667,0
2019-10-21,0,14,5.800787083333301,0
2019-10-22,0,14,7.3875271875,0
2019-10-23,0,14,12.13425263888889,0
2019-10-24,0,14,8.66826628472222,0
2019-10-25,0,14,8.43736621527778,0
2019-10-26,0,14,6.056011631944401,0
2019-10-27,0,14,5.690561215277802,0
2019-10-28,0,14,5.0024152777778,0
2019-10-29,0,14,4.887951041666701,0
2019-10-30,0,14,5.0317836805556,0
2019-10-31,1,14,6.8286948222222,0
2019-11-01,1,14,21.229333886805552,0
2019-11-02,1,14,16.66785092958333,0
2019-11-03,1,14,17.591779530208335,0
2019-11-04,0,14,14.30212503472222,0
2019-11-05,0,14,11.954969340277781,0
2019-11-06,0,14,11.96379541843972,0
2019-11-07,0,14,10.33622732638889,0
2019-11-08,1,14,21.74710264166667,0
2019-11-09,1,14,19.107203535868056,0
2019-11-10,0,14,13.772842520833331,0
2019-11-11,0,14,10.35774170138889,0
2019-11-12,1,14,22.91983712291667,0
2019-11-13,1,14,26.43162415197917,0
2019-11-14,1,14,19.490046768750002,0
2019-11-15,1,14,17.50789057107639,0
2019-11-16,1,14,17.675349709375002,0
2019-11-17,1,14,13.58205029895833,0
2019-11-18,0,14,13.75600576388889,0
2019-11-19,1,14,17.716408711458335,0
2019-11-20,0,14,16.80527001388889,0
2019-11-21,0,14,11.97054111111111,0
2019-11-22,0,14,11.72469854166667,0
2019-11-23,0,14,11.02491079861111,0
2019-11-24,1,14,19.362405766548612,0
2019-11-25,1,14,16.73519516388889,0
2019-11-26,0,14,12.41966211805556,0
2019-11-27,0,14,10.29742972222222,0
2019-11-28,1,14,19.67007416145833,0
2019-11-29,1,14,13.652978205208331,0
2019-11-30,0,14,11.95251552083333,0
2019-12-01,0,14,10.54523288194444,0
2019-12-02,1,14,22.17843568541667,0
2019-12-03,1,14,23.71187864583333,1
2019-12-04,1,14,19.894660356944442,0
2019-12-05,1,14,17.452522021180556,0
2019-12-06,0,14,14.16402920138889,0
2019-12-07,1,14,16.25067117152778,0
2019-12-08,0,14,14.781456409722221,0
2019-12-09,0,14,12.51465666666667,0
2019-12-10,1,14,13.51456146319444,0
2019-12-11,1,14,25.38794708333333,1
2019-12-12,1,14,18.255984855659722,0
2019-12-13,1,14,15.011402685069442,0
2019-12-14,1,14,15.67433409201389,0
2019-12-15,1,14,18.087902454861112,0
2019-12-16,0,14,11.3648465625,0
2019-12-17,1,14,13.43304284791667,0
2019-12-18,1,14,25.69407892361111,1
2019-12-19,1,14,24.32683505486111,0
2019-12-20,0,14,15.59288599305556,0
2019-12-21,0,14,13.83600559027778,0
2019-12-22,0,14,11.93022371527778,0
2019-12-23,0,14,10.25177309027778,0
2019-12-24,0,14,9.375761944444442,0
2019-12-25,0,14,7.6128259375,0
2019-12-26,0,14,7.577196944444401,0
2019-12-27,0,14,8.580667118055551,0
2019-12-28,0,14,8.30576444444444,0
2019-12-29,0,14,6.1986110416667,0
2019-12-30,0,14,10.37870319444444,0
2019-12-31,1,14,18.813464433229168,0
2020-01-01,1,14,19.365281193055562,0
2020-01-02,1,14,16.407618970937502,0
2020-01-03,0,14,10.01837326388889,0
2020-01-04,1,14,14.33851069572917,0
2020-01-05,1,14,22.55373418576389,0
2020-01-06,1,14,18.171463960069445,0
2020-01-07,1,14,18.736167315069444,0
2020-01-08,1,14,19.1383874521875,0
2020-01-09,0,14,14.228775131944442,0
2020-01-10,0,14,11.321513750000001,0
2020-01-11,0,14,6.4088912847222,0
2020-01-12,0,14,11.190432013888891,0
2020-01-13,0,14,10.342783923611112,0
2020-01-14,0,14,8.37260913194444,0
2020-01-15,0,14,8.55623583333333,0
2020-01-16,1,14,13.65077219434028,0
2020-01-17,1,14,22.26225722326389,0
2020-01-18,1,14,16.9154680084375,0
2020-01-19,1,14,22.52718390496528,0
2020-01-20,1,14,30.670484375,1
2020-01-21,1,14,30.3999882986111,1
2020-01-22,1,14,20.38673458114583,0
2020-01-23,0,14,14.865779701388892,0
2020-01-24,0,14,14.299358993055561,0
2020-01-25,1,14,20.33307951736111,0
2020-01-26,1,14,22.06922656482639,0
2020-01-27,1,14,18.37942178460764,0
2020-01-28,1,14,19.935596133229172,0
2020-01-29,1,14,19.83834177083333,0
2020-01-30,1,14,18.40452544,0
2020-01-31,1,14,16.98241695833333,0
2020-02-01,1,14,17.611208710069445,0
2020-02-02,1,14,16.892927850694452,0
2020-02-03,0,14,9.92502899305555,0
2020-02-04,0,14,9.546098854166662,0
2020-02-05,0,14,8.274467222222201,0
2020-02-06,0,14,8.80318284722222,0
2020-02-07,1,14,21.987552950347222,0
2020-02-08,1,14,25.293179027777782,1
2020-02-09,1,14,20.57680189201389,0
2020-02-10,0,14,14.525685590277782,0
2020-02-11,0,14,10.579276280701752,0
2020-02-12,1,14,15.51037847881944,0
2020-02-13,1,14,12.314988365277781,0
2020-02-14,1,14,25.4185046875,1
2020-02-15,1,14,23.47081947361111,0
2020-02-16,1,14,17.05285384583333,0
2020-02-17,0,14,14.317959079861112,0
2020-02-18,0,14,12.171861805555562,0
2020-02-19,1,14,18.152606291423613,0
2020-02-20,1,14,21.62606253472222,1
2020-02-21,1,14,26.28907222222222,1
2020-02-22,1,14,19.57720132604167,0
2020-02-23,1,14,16.985015656076392,0
2020-02-24,1,14,17.837676579618055,0
2020-02-25,0,14,12.537640902777781,0
2020-02-26,1,14,15.172663550000001,0
2020-02-27,1,14,25.50491878472222,1
2020-02-28,1,14,23.83830020833333,1
2020-02-29,1,14,25.245617187500002,1
2020-03-01,1,14,18.951865177083334,0
2020-03-02,0,14,14.54962086805556,0
2020-03-03,0,14,11.530148125,0
2020-03-04,0,14,13.500158371527782,0
2020-03-05,0,14,13.35968225,0
2020-03-06,1,14,18.522018904166668,0
2020-03-07,1,14,22.07895635520833,0
2020-03-08,1,14,13.49212598690972,0
2020-03-09,0,14,11.04494166666667,0
2020-03-10,0,14,10.7034625,0
2020-03-11,0,14,9.787544479166671,0
2020-03-12,0,14,9.48657631944444,0
2020-03-13,0,14,7.985784131944401,0
2020-03-14,0,14,12.79719456597222,0
2020-03-15,1,14,15.47357136032396,0
2020-03-16,1,14,14.54795510694444,0
2020-03-17,0,14,10.80012534722222,0
2020-03-18,0,14,9.563024270833331,0
2020-03-19,0,14,5.5822673611111,0
2020-03-20,0,14,4.896379513888901,0
2020-03-21,0,14,12.767222850694441,0
2020-03-22,1,14,13.643626252430561,0
2020-03-23,0,14,11.43572899305556,0
2020-03-24,0,14,12.04659326388889,0
2020-03-25,0,14,10.88037237762238,0
2020-03-26,0,14,8.38134822916667,0
2020-03-27,0,14,2.6532906250000003,0
2020-03-28,0,14,1.0571302083333016,0
2020-03-29,0,14,3.048275694444401,0
2020-03-30,0,14,8.814290798611111,0
2020-03-31,1,14,15.084517941666672,0
2020-04-01,1,14,18.407023097849027,0
2020-04-02,1,14,15.807248363541671,0
2020-04-03,0,14,12.07225694444444,0
2020-04-04,0,14,7.682684479166701,0
2020-04-05,0,14,4.9469552083333,0
2020-04-06,0,14,5.4751777083333,0
2020-04-07,0,14,3.3711982638889015,0
2020-04-08,0,14,4.232982638888901,0
2020-04-09,0,14,8.1598634375,0
2020-04-10,1,14,17.892244363194443,0
2020-04-11,1,14,14.88528155763889,0
2020-04-12,0,14,9.323677708333332,0
2020-04-13,0,14,9.23813625,0
2020-04-14,1,14,17.516952293854168,0
2020-04-15,1,14,19.40580089236111,0
2020-04-16,1,14,16.49285702881944,0
2020-04-17,0,14,10.549025625,0
2020-04-18,1,14,14.18334524663194,0
2020-04-19,0,14,11.33803048611111,0
2020-04-20,0,14,11.384689201388891,0
2020-04-21,0,14,9.55836010416667,0
2020-04-22,0,14,11.95246506944444,0
2020-04-23,0,14,10.20260017361111,0
2020-04-24,0,14,8.774462916666671,0
2020-04-25,0,14,9.80256836805556,0
2020-04-26,0,14,12.63809465277778,0
2020-04-27,1,14,13.98529561435069,0
2020-04-28,0,14,8.489297465277781,0
2020-04-29,0,14,6.108169861111101,0
2020-04-30,0,14,13.53587402777778,0
2020-05-01,0,14,14.66396760627178,0
2020-05-02,0,14,6.469786319444401,0
2020-05-03,0,14,1.7180222222221992,0
2020-05-04,0,14,5.2216897222222,0
2020-05-05,0,14,6.167916770833301,0
2020-05-06,0,14,14.39774692708333,0
2020-05-07,1,14,14.173453801840282,0
2020-05-08,0,14,12.79545953125,0
2020-05-09,1,14,18.41169190322917,0
2020-05-10,1,14,12.98839711805556,0
2020-05-11,1,14,16.162177325000002,0
2020-05-12,1,14,15.151745938434031,0
2020-05-13,0,14,11.967368923611112,0
2020-05-14,0,14,5.060533611111101,0
2020-05-15,0,14,2.3733472222222005,0
2020-05-16,0,14,0.8846711805555998,0
2020-05-17,0,14,0.07059652777780201,0
2020-05-18,0,14,2.1588427083332995,0
2020-05-19,0,14,5.8624082638889,0
2020-05-20,0,14,10.548442187500001,0
2020-05-21,0,14,8.61382586805556,0
2020-05-22,0,14,6.297877083333301,0
2020-05-23,0,14,2.40576875,0
2020-05-24,0,14,0.9574826388889015,0
2020-05-25,0,14,1.1389972222222013,0
2020-05-26,0,14,1.1678371527777998,0
2020-05-27,0,14,2.430847569444401,0
2020-05-28,0,14,1.5031246527777995,0
2020-05-29,0,14,1.805374305555599,0
2020-05-30,0,14,2.9825170138889003,0
2020-05-31,0,14,5.592095625000001,0
2020-06-01,0,14,5.8749290625000015,0
2020-06-02,0,14,1.0289899305555998,0
2020-06-03,0,14,-0.8767024305555999,0
2020-06-04,0,14,-1.1767579861110988,0
2020-06-05,0,14,1.6124541666667014,0
2020-06-06,0,14,-0.4721524305555995,0
2020-06-07,0,14,-1.6856722222221983,0
2020-06-08,0,14,-1.2753222222222007,0
2020-06-09,0,14,-2.461157291666698,0
2020-06-10,0,14,-0.4210602787455997,0
2020-06-11,0,14,2.9778291666667,0
2020-06-12,0,14,2.9742767361111007,0
2020-06-13,0,14,1.9510180555556005,0
2020-06-14,0,14,3.8956770833333003,0
2020-06-15,0,14,5.6943607638889,0
2020-06-16,0,14,7.3213718750000005,0
2020-06-17,0,14,7.6686612847222015,0
2020-06-18,0,14,5.3128125000000015,0
2020-06-19,0,14,3.059541319444401,0
2020-06-20,0,14,1.0489152777778017,0
2020-06-21,0,14,-0.740996180555598,0
2020-06-22,0,14,1.112916666666699,0
2020-06-23,0,14,1.1697458333333017,0
2020-06-24,0,14,2.270037500000001,0
2020-06-25,0,14,1.4473246527778016,0
2020-06-26,0,14,0.5693784722222013,0
2020-06-27,0,14,1.3349361111111016,0
2020-06-28,0,14,1.4909458333332992,0
2020-06-29,0,14,0.30636736111109997,0
2020-06-30,0,14,-0.3999194444444001,0
2020-07-01,0,14,0.2445781250000003,0
2020-07-02,0,14,-0.5865947916666983,0
2020-07-03,0,14,-1.1592229166666996,0
2020-07-04,0,14,-2.1314090277777993,0
2020-07-05,0,14,-2.0822819444444,0
2020-07-06,0,14,-2.6379805555556004,0
2020-07-07,0,14,-1.3344135416666987,0
2020-07-08,0,14,-1.6452611111111004,0
2020-07-09,0,14,-2.6889524305555987,0
2020-07-10,0,14,-2.4772239583332976,0
2020-07-11,0,14,-0.27564097222219885,0
2020-07-12,0,14,-0.027295833333297992,0
2020-07-13,0,14,0.13125277777779942,0
2020-07-14,0,14,-0.4641309027778,0
2020-07-15,0,14,-2.919328472222201,0
2020-07-16,0,14,-3.4831874999999997,0
2020-07-17,0,14,-3.9157614583333,0
2020-07-18,0,14,-3.9767614583333,0
2020-07-19,0,14,-3.7182239583333008,0
2020-07-20,0,14,-2.990597222222199,0
2020-07-21,0,14,-3.6669874999999976,0
2020-07-22,0,14,-2.076901041666698,0
2020-07-23,0,14,-1.2259965277777987,0
2020-07-24,0,14,-0.6535052083333,0
2020-07-25,0,14,-1.3196913194443987,0
2020-07-26,0,14,-1.26974375,0
2020-07-27,0,14,-1.5113628472221983,0
2020-07-28,0,14,-1.1492677083332978,0
2020-07-29,0,14,-1.6393270462634,0
2020-07-30,0,14,-1.5220961805556001,0
2020-07-31,0,14,-1.5962583333332994,0
2020-08-01,0,14,-0.2589565972221983,0
2020-08-02,0,14,0.3921322916667016,0
2020-08-03,0,14,0.8042010416667011,0
2020-08-04,0,14,0.7824076388889019,0
2020-08-05,0,14,0.7807937500000008,0
2020-08-06,0,14,0.09403402777780201,0
2020-08-07,0,14,0.04573958333330097,0
2020-08-08,0,14,-0.5456760416666988,0
2020-08-09,0,14,-1.0231295138889003,0
2020-08-10,0,14,-1.3957368055556003,0
2020-08-11,0,14,-1.1762156249999975,0
2020-08-12,0,14,-1.4496951388888988,0
2020-08-13,0,14,-1.5930236111111,0
2020-08-14,0,14,-0.33051180555559867,0
2020-08-15,0,14,0.46076770833330016,0
2020-08-16,0,14,1.0983645833333,0
2020-08-17,0,14,0.6376718750000023,0
2020-08-18,0,14,0.3459069444444012,0
2020-08-19,0,14,2.166545833333302,0
2020-08-20,0,14,1.326941666666702,0
2020-08-21,0,14,1.4036965277778002,0
2020-08-22,0,14,0.9178850694444023,0
2020-08-23,0,14,0.7391048780487992,0
2020-08-24,0,14,-0.15773680555560077,0
2020-08-25,0,14,-1.4311749999999996,0
2020-08-26,0,14,-1.8619347222221982,0
2020-08-27,0,14,-2.1836309027778,0
2020-08-28,0,14,-1.2233475694443996,0
2020-08-29,0,14,0.07077326388889915,0
2020-08-30,0,14,0.3043673611111011,0
2020-08-31,0,14,0.11572500000000119,0
2020-09-01,0,14,-1.2627347222221985,0
2020-09-02,0,14,-1.1738923611111005,0
2020-09-03,0,14,-0.8501708333332978,0
2020-09-04,0,14,0.2342895470383013,0
2020-09-05,0,14,3.54538125,0
2020-09-06,0,14,2.3044211805556003,0
2020-09-07,0,14,1.1491187499999995,0
2020-09-08,0,14,-0.37365729166669936,0
2020-09-09,0,14,0.020890972222201043,0
2020-09-10,0,14,-0.47717361111109824,0
2020-09-11,0,14,-1.1244767361110988,0
2020-09-12,0,14,-1.1891850694443988,0
2020-09-13,0,14,0.15184791666669994,0
2020-09-14,0,14,1.3834499999999998,0
2020-09-15,0,14,3.094534027777801,0
2020-09-16,0,14,2.321779166666701,0
2020-09-17,0,14,2.887752430555601,0
2020-09-18,0,14,6.035994756944401,0
2020-09-19,0,14,8.37119920138889,0
2020-09-20,0,14,7.388380451388901,0
2020-09-21,0,14,8.96364319444444,0
2020-09-22,0,14,7.8904602083333,0
2020-09-23,0,14,7.5905020138889014,0
2020-09-24,0,14,7.475595312500001,0
2020-09-25,0,14,5.779111111111101,0
2020-09-26,0,14,4.5491138888889004,0
2020-09-27,0,14,4.350310069444401,0
2020-09-28,0,14,2.979160975609801,0
2020-09-29,0,14,9.994636805555551,0
2020-09-30,0,14,11.337573506944441,0
2020-10-01,0,14,7.7789410763889,0
2020-10-02,0,14,12.67013625,0
2020-10-03,0,14,11.257321597222221,0
2020-10-04,0,14,9.27013350694445,0
2020-10-05,0,14,10.053158645833332,0
2020-10-06,0,14,7.192988750000001,0
2020-10-07,0,14,4.465405208333301,0
2020-10-08,0,14,2.7821159722222006,0
2020-10-09,0,14,2.4726625,0
2020-10-10,0,14,4.996894444444401,0
2020-10-11,0,14,3.2213805555556014,0
2020-10-12,0,14,3.3262,0
2020-10-13,0,14,6.642460069930101,0
2020-10-14,0,14,5.4339535416667015,0
2020-10-15,0,14,4.963225347222201,0
2020-10-16,0,14,12.64132982517483,0
2020-10-17,0,14,14.015462652777781,0
2020-10-18,0,14,10.820411597222222,0
2020-10-19,0,14,6.2422526736111,0
2020-10-20,0,14,4.700500347222201,0
2020-10-21,0,14,2.9624836805556,0
2020-10-22,0,14,1.8982885416667017,0
2020-10-23,0,14,2.7237555555556003,0
2020-10-24,0,14,5.0051118055556,0
2020-10-25,0,14,3.7555257839721,0
2020-10-26,0,14,4.985142708333301,0
2020-10-27,0,14,5.710646527777801,0
2020-10-28,0,14,4.114700694444402,0
2020-10-29,0,14,2.965563066202101,0
2020-10-30,1,14,14.53397367465625,0
2020-10-31,1,14,14.78629035138889,0
2020-11-01,0,14,11.643665381944441,0
2020-11-02,1,14,21.208132477083332,0
2020-11-03,1,14,14.91749853923611,0
2020-11-04,0,14,8.665709583333332,0
2020-11-05,0,14,8.57916755319149,0
2020-11-06,0,14,6.662817465277801,0
2020-11-07,0,14,4.419767708333302,0
2020-11-08,0,14,3.526443402777801,0
2020-11-09,0,14,3.6881118055556,0
2020-11-10,0,14,3.3300045138889,0
2020-11-11,0,14,3.2272204861111007,0
2020-11-12,0,14,8.424233645833331,0
2020-11-13,0,14,10.00706645833333,0
2020-11-14,0,14,11.91247010416667,0
2020-11-15,0,14,9.529876319444451,0
2020-11-16,1,14,16.17297036340278,0
2020-11-17,1,14,16.42790094194444,0
2020-11-18,1,14,20.98051427743056,0
2020-11-19,0,14,12.72749127430556,0
2020-11-20,0,14,10.296762638888891,0
2020-11-21,0,14,8.439346909722222,0
2020-11-22,0,14,9.43741038194444,0
2020-11-23,1,14,17.17594963638889,0
2020-11-24,1,14,14.67862959166667,0
2020-11-25,0,14,11.84561597222222,0
2020-11-26,0,14,9.234515277777781,0
2020-11-27,0,14,11.49310947916667,0
2020-11-28,0,14,13.442746840277781,0
2020-11-29,0,14,11.88825375,0
2020-11-30,1,14,16.32599650173611,0
2020-12-01,1,14,25.75558375,1
2020-12-02,1,14,24.61710089652778,0
2020-12-03,1,14,14.83170081177083,0
2020-12-04,0,14,14.149236180555551,0
2020-12-05,1,14,19.163662357395832,0
2020-12-06,1,14,18.638398845833336,0
2020-12-07,1,14,20.34545693194444,0
2020-12-08,1,14,25.76884902777778,1
2020-12-09,1,14,19.95560704513889,0
2020-12-10,0,14,12.05377552083333,0
2020-12-11,0,14,10.67183885416667,0
2020-12-12,0,14,11.61252704861111,0
2020-12-13,0,14,12.33191454861111,0
2020-12-14,1,14,18.73007636232847,0
2020-12-15,1,14,20.52026131251042,0
2020-12-16,1,14,17.70904612777778,0
2020-12-17,1,14,20.92854757638889,1
2020-12-18,1,14,24.67214420138889,1
2020-12-19,1,14,20.21471244440972,0
2020-12-20,1,14,18.614680100798612,0
2020-12-21,1,14,18.31850095361111,0
2020-12-22,1,14,18.345204515173613,0
2020-12-23,1,14,15.453849159722221,0
2020-12-24,1,14,14.721773177083332,0
2020-12-25,1,14,31.5479757638889,1
2020-12-26,1,14,29.5621308680556,1
2020-12-27,1,14,18.233748472222224,0
2020-12-28,0,14,16.288035888888892,0
2020-12-29,1,14,19.159981195818816,0
2020-12-30,1,14,15.374705313541671,0
2020-12-31,0,14,11.612682500000002,0
2021-01-01,0,22,9.36635246527778,0
2021-01-02,0,22,11.187876631944441,0
2021-01-03,1,22,16.00170053333333,0
2021-01-04,1,22,20.52597206296181,0
2021-01-05,1,22,18.372327896875,0
2021-01-06,1,22,22.50438027777778,1
2021-01-07,1,22,22.16958854201389,0
2021-01-08,1,22,20.57005407180556,0
2021-01-09,1,22,25.06447239583333,1
2021-01-10,1,22,24.160252336805563,1
2021-01-11,1,22,20.51254715277778,1
2021-01-12,1,22,20.20348120892361,0
2021-01-13,1,22,17.573615236111113,0
2021-01-14,1,22,19.71513336145833,0
2021-01-15,1,22,19.301822914236112,0
2021-01-16,1,22,23.82267413194444,1
2021-01-17,1,22,23.57919395833333,1
2021-01-18,1,22,24.00552895833333,1
2021-01-19,1,22,18.37665526076389,0
2021-01-20,1,22,20.75808155138889,0
2021-01-21,1,22,19.913679719444442,0
2021-01-22,1,22,19.5647405740625,0
2021-01-23,1,22,24.60666350694444,1
2021-01-24,1,22,18.663391588298612,0
2021-01-25,0,22,13.41650439930556,0
2021-01-26,0,22,9.252357048611112,0
2021-01-27,1,22,16.305679709375,0
2021-01-28,1,22,26.64318420138889,1
2021-01-29,1,22,28.3957406597222,1
2021-01-30,1,22,21.110096471875,0
2021-01-31,1,22,18.09425986840278,0
2021-02-01,1,22,22.36965789236111,0
2021-02-02,1,22,27.00597072916667,1
2021-02-03,1,22,27.16801104166667,1
2021-02-04,1,22,20.82106301354167,0
2021-02-05,1,22,20.186920961493062,0
2021-02-06,1,22,20.77477141319444,1
2021-02-07,1,22,22.628445434027782,1
2021-02-08,1,22,20.86613432777778,0
2021-02-09,0,22,15.75087560069444,0
2021-02-10,1,22,15.61659642013889,0
2021-02-11,1,22,14.45008164826389,0
2021-02-12,1,22,16.68199803159722,0
2021-02-13,1,22,15.96541843716319,0
2021-02-14,1,22,19.41856513194444,0
2021-02-15,0,22,14.44704177083333,0
2021-02-16,1,22,22.230101920138893,0
2021-02-17,1,22,26.12227186559027,0
2021-02-18,1,22,18.707014463206946,0
2021-02-19,1,22,22.79943801215278,0
2021-02-20,1,22,27.674396041666668,1
2021-02-21,1,22,20.35863211736111,0
2021-02-22,1,22,17.148386179513892,0
2021-02-23,1,22,15.54011782013889,0
2021-02-24,0,22,10.36005565972222,0
2021-02-25,1,22,12.99948819027778,0
2021-02-26,1,22,15.549160270138891,0
2021-02-27,0,22,10.937918263888891,0
2021-02-28,0,22,7.0178490972222,0
2021-03-01,1,22,12.622140139479171,0
2021-03-02,1,22,20.48572527777778,0
2021-03-03,1,22,16.157321443854173,0
2021-03-04,0,22,13.97143801403509,0
2021-03-05,1,22,21.41556699131944,0
2021-03-06,1,22,20.77418790659722,0
2021-03-07,1,22,20.11775300243056,0
2021-03-08,1,22,15.545362353472221,0
2021-03-09,0,22,10.262036284722221,0
2021-03-10,0,22,8.8683396875,0
2021-03-11,0,22,7.6548085069444,0
2021-03-12,0,22,7.833248923611102,0
2021-03-13,0,22,11.455091701388891,0
2021-03-14,0,22,11.71060527777778,0
2021-03-15,0,22,12.0243790625,0
2021-03-16,0,22,10.82686545138889,0
2021-03-17,0,22,6.894223472222201,0
2021-03-18,0,22,8.1179366197183,0
2021-03-19,1,22,16.19388453020833,0
2021-03-20,1,22,15.11788800302083,0
2021-03-21,0,22,12.209250430555551,0
2021-03-22,0,22,9.75942472222222,0
2021-03-23,0,22,8.863853541666671,0
2021-03-24,0,22,6.6846457638889,0
2021-03-25,0,22,6.7683371527778,0
2021-03-26,0,22,6.1303253472222,0
2021-03-27,0,22,7.406815798611101,0
2021-03-28,0,22,9.18460260416667,0
2021-03-29,1,22,16.15677739375,0
2021-03-30,0,22,8.923336041666671,0
2021-03-31,1,22,9.055127057638892,0
2021-04-01,1,22,22.69141790277778,1
2021-04-02,1,22,24.27542894847222,0
2021-04-03,1,22,17.14897618402778,0
2021-04-04,0,22,9.739007013888891,0
2021-04-05,0,22,6.4669724652778005,0
2021-04-06,0,22,4.373491319444401,0
2021-04-07,0,22,2.6695493055556003,0
2021-04-08,0,22,4.50010625,0
2021-04-09,0,22,4.294030625000001,0
2021-04-10,0,22,5.181245833333302,0
2021-04-11,0,22,8.40713309027778,0
2021-04-12,0,22,8.0542845833333,0
2021-04-13,0,22,8.1753215625,0
2021-04-14,0,22,6.237024548611101,0
2021-04-15,0,22,13.39964916083916,0
2021-04-16,1,22,15.08576705138889,0
2021-04-17,0,22,13.11200121527778,0
2021-04-18,0,22,13.038238923611111,0
2021-04-19,0,22,11.893842118055561,0
2021-04-20,0,22,8.3972553125,0
2021-04-21,1,22,16.6679211321875,0
2021-04-22,1,22,19.8101943865625,0
2021-04-23,1,22,15.760430381319441,0
2021-04-24,0,22,12.60007065972222,0
2021-04-25,0,22,11.74264253472222,0
2021-04-26,0,22,7.447862395833301,0
2021-04-27,0,22,2.5922232638889007,0
2021-04-28,0,22,1.8457347222222005,0
2021-04-29,0,22,3.824925694444401,0
2021-04-30,0,22,8.0022589583333,0
2021-05-01,0,22,10.200451104166671,0
2021-05-02,0,22,4.484988194444401,0
2021-05-03,0,22,4.4243826388889005,0
2021-05-04,0,22,3.5565644599303,0
2021-05-05,0,22,7.5166397569444,0
2021-05-06,0,22,12.715036059027781,0
2021-05-07,0,22,12.76917540069686,0
2021-05-08,0,22,11.65804306620209,0
2021-05-09,0,22,7.5546695833333,0
2021-05-10,0,22,9.959772534722221,0
2021-05-11,0,22,11.08078034722222,0
2021-05-12,0,22,12.283194277777781,0
2021-05-13,0,22,11.951068090277781,0
2021-05-14,0,22,9.45692416666667,0
2021-05-15,0,22,7.6339081944444,0
2021-05-16,0,22,6.903017534722201,0
2021-05-17,0,22,4.9382202083333,0
2021-05-18,0,22,3.8337302083333,0
2021-05-19,0,22,2.437745486111101,0
2021-05-20,0,22,1.4484944444443997,0
2021-05-21,0,22,0.3959083333332991,0
2021-05-22,0,22,-0.057218402777799326,0
2021-05-23,0,22,0.40897465277780043,0
2021-05-24,0,22,-0.2817347222222004,0
2021-05-25,0,22,-1.5293072916667008,0
2021-05-26,0,22,-0.8556284722222003,0
2021-05-27,0,22,1.2951350694444024,0
2021-05-28,0,22,2.2503604166667017,0
2021-05-29,0,22,8.0383278819444,0
2021-05-30,0,22,12.69426059027778,0
2021-05-31,0,22,8.195650208333301,0
2021-06-01,0,22,4.0543125,0
2021-06-02,0,22,4.105629861111101,0
2021-06-03,0,22,4.7719684027778015,0
2021-06-04,0,22,3.291242013888901,0
2021-06-05,0,22,0.305536111111099,0
2021-06-06,0,22,-0.7778343749999976,0
2021-06-07,0,22,0.26803923611110037,0
2021-06-08,0,22,-0.1971798611110991,0
2021-06-09,0,22,1.1735093862816015,0
2021-06-10,0,22,0.8573524305556006,0
2021-06-11,0,22,0.5996319444444005,0
2021-06-12,0,22,0.43596076388890026,0
2021-06-13,0,22,-1.0072902777777983,0
2021-06-14,0,22,-1.6833107638888976,0
2021-06-15,0,22,2.1417177083332994,0
2021-06-16,0,22,3.5682131944444,0
2021-06-17,0,22,3.2127416666667,0
2021-06-18,0,22,0.3726534722222006,0
2021-06-19,0,22,-0.7973624999999984,0
2021-06-20,0,22,-0.8815309027778007,0
2021-06-21,0,22,-1.4355527777778008,0
2021-06-22,0,22,4.015525694444401,0
2021-06-23,0,22,5.500394965277801,0
2021-06-24,0,22,1.655910763888901,0
2021-06-25,0,22,1.4635954861110996,0
2021-06-26,0,22,1.0006461805556022,0
2021-06-27,0,22,-1.3763517361111006,0
2021-06-28,0,22,-1.647503125,0
2021-06-29,0,22,-1.8440003472221989,0
2021-06-30,0,22,-0.9152399305556003,0
2021-07-01,0,22,-0.4081954861111008,0
2021-07-02,0,22,2.749127777777801,0
2021-07-03,0,22,5.0784550694444,0
2021-07-04,0,22,2.810111458333301,0
2021-07-05,0,22,-1.121451041666699,0
2021-07-06,0,22,-2.246601388888898,0
2021-07-07,0,22,-1.1828246527778,0
2021-07-08,0,22,-0.32978055555560104,0
2021-07-09,0,22,-0.8354423611110988,0
2021-07-10,0,22,0.0680548611111007,0
2021-07-11,0,22,0.40792090592330155,0
2021-07-12,0,22,0.02381637630660194,0
2021-07-13,0,22,1.3248281249999998,0
2021-07-14,0,22,-0.01924513888889834,0
2021-07-15,0,22,-0.7979395833332994,0
2021-07-16,0,22,-2.3675711805556006,0
2021-07-17,0,22,-0.25708854166670037,0
2021-07-18,0,22,0.8202232638889022,0
2021-07-19,0,22,1.1783572916666998,0
2021-07-20,0,22,0.29214861111110224,0
2021-07-21,0,22,-0.328831597222198,0
2021-07-22,0,22,0.38041562500000126,0
2021-07-23,0,22,-0.5239753472221977,0
2021-07-24,0,22,-1.4369437499999975,0
2021-07-25,0,22,-2.4151583333332987,0
2021-07-26,0,22,-2.260125694444401,0
2021-07-27,0,22,-2.1499395833332997,0
2021-07-28,0,22,-2.0639680555555984,0
2021-07-29,0,22,-2.4722802083332986,0
2021-07-30,0,22,-1.730624305555601,0
2021-07-31,0,22,-0.3416017361110981,0
2021-08-01,0,22,0.7191208333332995,0
2021-08-02,0,22,2.9048,0
2021-08-03,0,22,2.6983631944444006,0
2021-08-04,0,22,3.6001395833333003,0
2021-08-05,0,22,1.3043430555556021,0
2021-08-06,0,22,0.2960465277778006,0
2021-08-07,0,22,0.179116666666701,0
2021-08-08,0,22,-0.11108368055559836,0
2021-08-09,0,22,-0.4261288194444006,0
2021-08-10,0,22,-1.3598253472221984,0
2021-08-11,0,22,-2.9293364583332995,0
2021-08-12,0,22,-2.7809430555556,0
2021-08-13,0,22,-3.2906774305556006,0
2021-08-14,0,22,-2.6583503472222,0
2021-08-15,0,22,-0.4384781249999996,0
2021-08-16,0,22,-0.18911597222220067,0
2021-08-17,0,22,1.3274861111110994,0
2021-08-18,0,22,-0.0019118055556006652,0
2021-08-19,0,22,-0.29221527777779954,0
2021-08-20,0,22,-0.03478124999999821,0
2021-08-21,0,22,-0.2505909722221986,0
2021-08-22,0,22,-1.449761458333299,0
2021-08-23,0,22,-1.2137732638888998,0
2021-08-24,0,22,-2.295484375000001,0
2021-08-25,0,22,-3.3062986111110995,0
2021-08-26,0,22,-2.2769708185052977,0
2021-08-27,0,22,-2.299555208333299,0
2021-08-28,0,22,-2.811117708333299,0
2021-08-29,0,22,-2.9201034722221983,0
2021-08-30,0,22,-1.4284579861110984,0
2021-08-31,0,22,1.182590277777802,0
2021-09-01,0,22,1.8226409722221995,0
2021-09-02,0,22,4.181513888888901,0
2021-09-03,0,22,3.8944211805556,0
2021-09-04,0,22,1.9555204861111015,0
2021-09-05,0,22,2.686772916666701,0
2021-09-06,0,22,2.421790625,0
2021-09-07,0,22,1.9551329861110993,0
2021-09-08,0,22,0.13099479166670136,0
2021-09-09,0,22,4.061282638888901,0
2021-09-10,0,22,5.483271770833301,0
2021-09-11,0,22,4.011511111111101,0
2021-09-12,0,22,1.3537347222221996,0
2021-09-13,0,22,0.6206836805556009,0
2021-09-14,0,22,-0.2633715277777995,0
2021-09-15,0,22,1.0617975694444013,0
2021-09-16,0,22,1.3330958333332994,0
2021-09-17,0,22,0.7198357638889021,0
2021-09-18,0,22,-0.2904062500000002,0
2021-09-19,0,22,-0.2521052083332975,0
2021-09-20,0,22,1.641088888888902,0
2021-09-21,0,22,2.705409027777801,0
2021-09-22,0,22,4.673484375000001,0
2021-09-23,0,22,10.52364602787457,0
2021-09-24,0,22,9.09256086805555,0
2021-09-25,0,22,7.553516215277801,0
2021-09-26,0,22,7.329869236111101,0
2021-09-27,0,22,4.382826736111101,0
2021-09-28,0,22,2.60134375,0
2021-09-29,0,22,1.5642461805555996,0
2021-09-30,0,22,1.8639201388889006,0
2021-10-01,0,22,2.6479750000000006,0
2021-10-02,0,22,2.348899652777801,0
2021-10-03,0,22,3.583969444444401,0
2021-10-04,0,22,3.4144515679442016,0
2021-10-05,0,22,2.8359392361111,0
2021-10-06,0,22,2.0807371527778002,0
2021-10-07,0,22,2.3799746527778005,0
2021-10-08,0,22,3.6424236111111004,0
2021-10-09,0,22,3.3335052083333014,0
2021-10-10,0,22,2.4519416666667,0
2021-10-11,0,22,2.168885763888902,0
2021-10-12,0,22,4.182049652777801,0
2021-10-13,0,22,3.5964329861111004,0
2021-10-14,0,22,1.356235069444402,0
2021-10-15,0,22,1.266467132867099,0
2021-10-16,0,22,6.826717552447601,0
2021-10-17,0,22,13.54070243055556,0
2021-10-18,0,22,10.278670034722222,0
2021-10-19,0,22,8.055412604166701,0
2021-10-20,0,22,6.0001951388889,0
2021-10-21,0,22,7.0543208333333,0
2021-10-22,0,22,10.79132253472222,0
2021-10-23,0,22,11.65492268292683,0
2021-10-24,0,22,6.2184054861111004,0
2021-10-25,0,22,7.319113229166701,0
2021-10-26,0,22,14.34476309027778,0
2021-10-27,1,22,14.06594587013889,0
2021-10-28,0,22,7.676738333333301,0
2021-10-29,0,22,11.159015,0
2021-10-30,0,22,12.76555868055555,0
2021-10-31,0,22,12.665982500000002,0
2021-11-01,0,22,12.16791630662021,0
2021-11-02,1,22,16.64121537107639,0
2021-11-03,1,22,19.58170906319444,0
2021-11-04,1,22,17.16241918434028,0
2021-11-05,1,22,17.566887805243056,0
2021-11-06,0,22,13.7077684375,0
2021-11-07,0,22,13.429344965277782,0
2021-11-08,0,22,9.04878788194444,0
2021-11-09,0,22,3.7870822916667013,0
2021-11-10,0,22,5.6622959375000015,0
2021-11-11,0,22,6.452778055555601,0
2021-11-12,0,22,12.63232868055556,0
2021-11-13,1,22,18.714684710381945,0
2021-11-14,1,22,20.71242040684375,0
2021-11-15,1,22,20.63254939409722,0
2021-11-16,1,22,13.25320429513889,0
2021-11-17,0,22,8.069248125000001,0
2021-11-18,1,22,10.53237096041667,0
2021-11-19,1,22,21.2740130141844,0
2021-11-20,1,22,14.4304015625,0
2021-11-21,0,22,13.794410625000001,0
2021-11-22,1,22,16.50093559979167,0
2021-11-23,1,22,24.49933144791667,1
2021-11-24,1,22,17.095861980590282,0
2021-11-25,0,22,15.37840913194444,0
2021-11-26,1,22,20.85973130902778,0
2021-11-27,1,22,21.15489139444444,0
2021-11-28,1,22,15.939130615520831,0
2021-11-29,1,22,22.37607963819444,0
2021-11-30,1,22,16.06050736805556,0
2021-12-01,0,22,13.272632951388891,0
2021-12-02,0,22,9.78660982638889,0
2021-12-03,0,22,7.8755787152778005,0
2021-12-04,0,22,8.56502652777778,0
2021-12-05,0,22,10.00967479166667,0
2021-12-06,1,22,11.308951337500002,0
2021-12-07,1,22,23.12035096388889,0
2021-12-08,1,22,18.266313852083336,0
2021-12-09,1,22,17.641423496875,0
2021-12-10,0,22,10.51538288194444,0
2021-12-11,0,22,8.058726871527801,0
2021-12-12,1,22,21.11690293680556,0
2021-12-13,1,22,14.040408809281251,0
2021-12-14,0,22,9.21084652777778,0
2021-12-15,0,22,8.81676013888889,0
2021-12-16,0,22,9.974348715277781,0
2021-12-17,0,22,7.813991493055601,0
2021-12-18,0,22,7.8103508680556,0
2021-12-19,1,22,17.344537060416666,0
2021-12-20,1,22,19.51017358923611,0
2021-12-21,1,22,17.82037059375,0
2021-12-22,1,22,20.11078940173611,0
2021-12-23,1,22,18.252136576736113,0
2021-12-24,0,22,14.28885774305556,0
2021-12-25,0,22,9.40547506944444,0
2021-12-26,0,22,8.0540707986111,0
2021-12-27,0,22,8.306802569444441,0
2021-12-28,0,22,7.002942465277801,0
2021-12-29,0,22,7.540919201388901,0
2021-12-30,0,22,9.422331631944441,0
2021-12-31,0,22,9.435012430555561,0
2022-01-01,0,23,4.8506437500000015,0
2022-01-02,0,23,9.603862534722222,0
2022-01-03,1,23,22.93372832395833,0
2022-01-04,1,23,21.090684426062722,0
2022-01-05,1,23,19.53945374652778,0
2022-01-06,1,23,20.63365828774306,0
2022-01-07,1,23,30.933540555555602,1
2022-01-08,1,23,22.48180604652778,0
2022-01-09,0,23,15.539730125,0
2022-01-10,1,23,24.65591417743056,0
2022-01-11,1,23,26.23893951388889,1
2022-01-12,1,23,19.326803911041672,0
2022-01-13,1,23,17.829777547569446,0
2022-01-14,1,23,19.82259734340278,0
2022-01-15,1,23,22.07759961805555,1
2022-01-16,1,23,20.10546976388889,1
2022-01-17,1,23,26.10098232638889,1
2022-01-18,1,23,25.55633118055556,1
2022-01-19,1,23,18.16647262465278,0
2022-01-20,1,23,21.66663481944444,0
2022-01-21,1,23,29.9851666666667,1
2022-01-22,1,23,27.56654940972222,1
2022-01-23,1,23,23.7859859375,1
2022-01-24,1,23,22.162272556250002,0
2022-01-25,1,23,18.878798129166668,0
2022-01-26,1,23,26.50414378472222,1
2022-01-27,1,23,22.174019673263892,0
2022-01-28,1,23,20.982344149513892,0
2022-01-29,1,23,30.9612538541667,1
2022-01-30,1,23,25.629475291666672,1
2022-01-31,1,23,20.26533110555556,0
2022-02-01,1,23,16.58938792689139,0
2022-02-02,0,23,15.82241194791667,0
2022-02-03,0,23,12.135648854166671,0
2022-02-04,1,23,16.43772994861111,0
2022-02-05,1,23,27.608545173611112,1
2022-02-06,1,23,22.34919055076389,0
2022-02-07,1,23,18.598404937534724,0
2022-02-08,1,23,20.88118445590278,0
2022-02-09,1,23,17.22924396774306,0
2022-02-10,0,23,15.065900618055561,0
2022-02-11,0,23,13.18019666666667,0
2022-02-12,1,23,14.4817613353125,0
2022-02-13,1,23,24.50120288194444,1
2022-02-14,1,23,25.18338482638889,1
2022-02-15,1,23,18.533170989236112,0
2022-02-16,0,23,13.45294488888889,0
2022-02-17,0,23,9.663266250000001,0
2022-02-18,1,23,18.937141467361112,0
2022-02-19,1,23,23.404415694444452,1
2022-02-20,1,23,20.01205939270833,0
2022-02-21,0,23,12.606365833333331,0
2022-02-22,0,23,10.12643166666667,0
2022-02-23,0,23,10.03102333333333,0
2022-02-24,0,23,10.51777973263889,0
2022-02-25,1,23,13.62683751909722,0
2022-02-26,1,23,21.43533029513889,1
2022-02-27,1,23,17.442378610381944,0
2022-02-28,1,23,17.42928292197917,0
2022-03-01,0,23,13.55052628472222,0
2022-03-02,0,23,9.701018854166671,0
2022-03-03,0,23,7.077750763888901,0
2022-03-04,0,23,9.000953506944441,0
2022-03-05,0,23,5.8972544444444015,0
2022-03-06,0,23,5.741955590277801,0
2022-03-07,0,23,6.414519861111101,0
2022-03-08,1,23,17.40829584375,0
2022-03-09,0,23,15.50139930833333,0
2022-03-10,1,23,16.75459136666667,0
2022-03-11,0,23,12.72999791666667,0
2022-03-12,1,23,25.23861703267361,0
2022-03-13,1,23,28.483229340277802,1
2022-03-14,1,23,14.54680529618056,0
2022-03-15,0,23,10.98072510416667,0
2022-03-16,0,23,10.19334159722222,0
2022-03-17,0,23,9.60255378472222,0
2022-03-18,0,23,7.890632152777801,0
2022-03-19,0,23,9.85959670138889,0
2022-03-20,1,23,15.63396008833333,0
2022-03-21,0,23,10.398726354166671,0
2022-03-22,0,23,6.582462291666701,0
2022-03-23,0,23,5.861508333333301,0
2022-03-24,0,23,11.296395937500002,0
2022-03-25,1,23,16.76418531631944,0
2022-03-26,1,23,19.119306181597224,0
2022-03-27,1,23,22.568442323020832,0
2022-03-28,1,23,21.96169245798611,0
2022-03-29,1,23,16.96386518402778,0
2022-03-30,0,23,6.630037569444401,0
2022-03-31,0,23,5.8244711785714,0
2022-04-01,1,23,18.32424907465278,0
2022-04-02,1,23,14.406139035763891,0
2022-04-03,1,23,14.02101950173611,0
2022-04-04,0,23,12.78221017361111,0
2022-04-05,0,23,8.1512548611111,0
2022-04-06,0,23,8.635670486111112,0
2022-04-07,0,23,12.115710694444441,0
2022-04-08,1,23,17.696293102118055,0
2022-04-09,1,23,21.93241704861111,1
2022-04-10,1,23,17.384424976041668,0
2022-04-11,0,23,8.2557010069444,0
2022-04-12,0,23,8.598172812500001,0
2022-04-13,0,23,4.648482291666701,0
2022-04-14,0,23,7.979681284722201,0
2022-04-15,0,23,9.718440590277782,0
2022-04-16,0,23,7.742656562500001,0
2022-04-17,0,23,10.72136441319445,0
2022-04-18,1,23,12.51343966111111,0
2022-04-19,1,23,19.57590656041667,0
2022-04-20,1,23,12.40723006118056,0
2022-04-21,0,23,7.589187361111101,0
2022-04-22,0,23,3.2224017361111006,0
2022-04-23,0,23,1.0745111111111,0
2022-04-24,0,23,1.5091732638889006,0
2022-04-25,0,23,1.8803815972222004,0
2022-04-26,0,23,8.0365173611111,0
2022-04-27,1,23,12.836260146979171,0
2022-04-28,0,23,9.76053513888889,0
2022-04-29,0,23,6.2000878819444,0
2022-04-30,0,23,3.5593392361111,0
2022-05-01,0,23,4.553558333333301,0
2022-05-02,0,23,3.751493055555601,0
2022-05-03,0,23,1.4546756944444006,0
2022-05-04,0,23,2.8965506944444,0
2022-05-05,0,23,5.103136944444401,0
2022-05-06,0,23,4.6487556597222,0
2022-05-07,0,23,9.6372328125,0
2022-05-08,0,23,10.91590680555555,0
2022-05-09,0,23,6.7760361458333005,0
2022-05-10,0,23,2.4412989583333005,0
2022-05-11,0,23,0.20131805555559978,0
2022-05-12,0,23,1.5357159722221994,0
2022-05-13,0,23,3.4060781250000005,0
2022-05-14,0,23,3.596538194444401,0
2022-05-15,0,23,2.8526291666667003,0
2022-05-16,0,23,3.9715583333333004,0
2022-05-17,0,23,4.7208680555556,0
2022-05-18,0,23,2.1939798611110994,0
2022-05-19,0,23,1.142456944444401,0
2022-05-20,0,23,-0.6673760416666994,0
2022-05-21,0,23,-0.772482291666698,0
2022-05-22,0,23,0.9349381944443991,0
2022-05-23,0,23,3.9893256944444015,0
2022-05-24,0,23,4.599452430555601,0
2022-05-25,0,23,1.6574993055556,0
2022-05-26,0,23,3.8738527777778007,0
2022-05-27,0,23,6.051841354166701,0
2022-05-28,0,23,6.8312463888889,0
2022-05-29,0,23,2.8094708333333003,0
2022-05-30,0,23,-0.1338159722221981,0
2022-05-31,0,23,-0.7507385416666992,0
2022-06-01,0,23,-1.6095138888888982,0
2022-06-02,0,23,-0.5954999999999977,0
2022-06-03,0,23,3.5518777777778006,0
2022-06-04,0,23,4.3957056944444,0
2022-06-05,0,23,2.686161805555601,0
2022-06-06,0,23,1.9727427083332998,0
2022-06-07,0,23,2.4690701388889007,0
2022-06-08,0,23,0.14602361111110085,0
2022-06-09,0,23,2.4689031250000006,0
2022-06-10,0,23,5.3019389236111,0
2022-06-11,0,23,3.0873802083333004,0
2022-06-12,0,23,0.07694027777780121,0
2022-06-13,0,23,-2.5693802083332997,0
2022-06-14,0,23,-3.988522569444399,0
2022-06-15,0,23,-4.595040624999999,0
2022-06-16,0,23,-5.130854166666698,0
2022-06-17,0,23,-2.6796065972222003,0
2022-06-18,0,23,1.8490125000000006,0
2022-06-19,0,23,5.086071875,0
2022-06-20,0,23,1.1184267361111004,0
2022-06-21,0,23,-2.3982715277777977,0
2022-06-22,0,23,-3.9532958333333,0
2022-06-23,0,23,-1.227689583333298,0
2022-06-24,0,23,-0.8602704861110979,0
2022-06-25,0,23,-1.7379784722221991,0
2022-06-26,0,23,0.4247388111887993,0
2022-06-27,0,23,1.0354498233215992,0
2022-06-28,0,23,3.028122777777801,0
2022-06-29,0,23,-0.28653715277780023,0
2022-06-30,0,23,-1.9488447916666978,0
2022-07-01,0,23,-2.2920479166667,0
2022-07-02,0,23,-1.9356131944444002,0
2022-07-03,0,23,-1.6973826388889002,0
2022-07-04,0,23,-2.2492510416666995,0
2022-07-05,0,23,-2.605807986111099,0
2022-07-06,0,23,-2.9370253472221997,0
2022-07-07,0,23,-2.522565277777801,0
2022-07-08,0,23,-1.6260020833333009,0
2022-07-09,0,23,-0.4467163194443984,0
2022-07-10,0,23,0.7802319444444024,0
2022-07-11,0,23,0.3653423611111002,0
2022-07-12,0,23,-1.3667229166666992,0
2022-07-13,0,23,-0.5877263888888997,0
2022-07-14,0,23,0.13351076388889993,0
2022-07-15,0,23,-0.9374510416666979,0
2022-07-16,0,23,-1.2472371527777995,0
2022-07-17,0,23,-2.0214524305555983,0
2022-07-18,0,23,0.3187034722222002,0
2022-07-19,0,23,0.31102569444439965,0
2022-07-20,0,23,-1.2033104166666995,0
2022-07-21,0,23,-1.4817552083333005,0
2022-07-22,0,23,-2.473968750000001,0
2022-07-23,0,23,-3.756107291666698,0
2022-07-24,0,23,-2.877882291666701,0
2022-07-25,0,23,-1.770472916666698,0
2022-07-26,0,23,-0.5826215277777997,0
2022-07-27,0,23,-2.1845708333333,0
2022-07-28,0,23,-1.2734145833332988,0
2022-07-29,0,23,-0.34424513888889763,0
2022-07-30,0,23,0.9513131944443991,0
2022-07-31,0,23,0.2084690972221992,0
